Player,Tm,G,GS,WS,WS%,salary,WS%,expected_salary,salary_diff
Paul Millsap,ATL,81,81,10.1,$19000000.0,0.20199999999999993,$14418381.45
Al Horford,ATL,82,82,9.4,$12000000.0,0.18799999999999994,$13419087.69
Jeff Teague,ATL,79,78,5.9,$8000000.0,0.11799999999999998,$8422618.87
Thabo Sefolosha,ATL,75,11,4.5,$4000000.0,0.08999999999999997,$6424031.34
Kent Bazemore,ATL,75,68,4.1,$2000000.0,0.08199999999999998,$5853006.33
Kyle Korver,ATL,80,80,4.1,$5746479.0,0.08199999999999998,$5853006.33
Mike Scott,ATL,75,0,3.2,$3333333.0,0.06399999999999999,$4568200.06
Dennis Schroder,ATL,80,6,2.2,$1763400.0,0.04399999999999999,$3140637.54
Tim Hardaway,ATL,1,1.9,$1304520.0,0.037999999999999985,$2712368.79
Tiago Splitter,ATL,2,1.7,$8500000.0,0.03399999999999999,$2426856.28
Mike Muscala,ATL,60,0,1.6,$947276.0,0.031999999999999994,$2284100.03
Kris Humphries,ATL,0,0.9,$388025.0,0.017999999999999995,$1284806.27
Lamar Patterson,ATL,0,0.2,$525093.0,0.003999999999999999,$285512.5
Walter Tavares,ATL,0,0.2,$1000000.0,0.003999999999999999,$285512.5
Kirk Hinrich,ATL,0,0.0,$2870000.0,0.0,$0.0
Isaiah Thomas,BOS,82,79,9.7,$6912869.0,0.19917864476386035,$14545906.28
Jae Crowder,BOS,73,73,7.3,$6000000.0,0.14989733059548255,$10946919.16
Amir Johnson,BOS,79,76,5.9,$12000000.0,0.12114989733059549,$8847510.01
Avery Bradley,BOS,76,72,4.8,$7730337.0,0.09856262833675564,$7197974.24
Jared Sullinger,BOS,81,73,4.8,$2269260.0,0.09856262833675564,$7197974.24
Kelly Olynyk,BOS,69,8,4.1,$2165160.0,0.0841889117043121,$6148269.67
Evan Turner,BOS,81,12,4.0,$3425510.0,0.08213552361396304,$5998311.87
Marcus Smart,BOS,61,10,2.9,$3431040.0,0.0595482546201232,$4348776.1
Jonas Jerebko,BOS,78,0,2.4,$5000000.0,0.04928131416837782,$3598987.12
Tyler Zeller,BOS,60,3,1.7,$2616975.0,0.03490759753593429,$2549282.54
David Lee,BOS,4,0.9,$15493680.0,0.018480492813141684,$1349620.17
R.J. Hunter,BOS,0,0.3,$1148640.0,0.006160164271047227,$449873.39
Jordan Mickey,BOS,0,0.1,$1200000.0,0.002053388090349076,$149957.8
James Young,BOS,0,0.1,$1749840.0,0.002053388090349076,$149957.8
Coty Clarke,BOS,0,0.0,$61776.0,0.0,$0.0
Terry Rozier,BOS,0,-0.3,$1824360.0,-0.006160164271047227,$-449873.39
Kemba Walker,CHO,81,81,9.9,$12000000.0,0.20711297071129708,$16034359.16
Marvin Williams,CHO,81,81,7.8,$7000000.0,0.16317991631799164,$12633131.46
Cody Zeller,CHO,73,60,6.3,$4204200.0,0.13179916317991633,$10203683.1
Nicolas Batum,CHO,70,70,5.0,$12235750.0,0.10460251046025106,$8098161.19
Jeremy Lin,CHO,78,13,3.5,$2100000.0,0.07322175732217574,$5668712.83
Frank Kaminsky,CHO,81,3,3.3,$2612500.0,0.06903765690376569,$5344786.39
Al Jefferson,CHO,18,2.8,$13833333.0,0.058577405857740586,$4534970.27
Jeremy Lamb,CHO,66,0,2.7,$3034356.0,0.05648535564853557,$4373007.04
Spencer Hawes,CHO,6,1.9,$5543725.0,0.0397489539748954,$3077301.25
Courtney Lee,CHO,28,1.6,$5675000.0,0.03347280334728034,$2591411.58
Troy Daniels,CHO,0,1.1,$947276.0,0.023012552301255235,$1781595.46
Tyler Hansbrough,CHO,0,1.0,$1185784.0,0.020920502092050212,$1619632.24
Michael Kidd-Gilchrist,CHO,7,0.6,$6331404.0,0.012552301255230125,$971779.34
Jorge Gutierrez,CHO,0,0.3,$190000.0,0.006276150627615063,$485889.67
Aaron Harrison,CHO,0,0.0,$525093.0,0.0,$0.0
Jimmy Butler,CHI,67,67,9.1,$15260000.0,0.24396782841823056,$20831412.11
Pau Gasol,CHI,72,72,7.1,$7448760.0,0.19034852546916892,$16253079.78
Taj Gibson,CHI,73,55,5.4,$8500000.0,0.1447721179624665,$12361497.3
Nikola Mirotic,CHI,66,38,3.9,$5543725.0,0.10455764075067024,$8927748.05
Doug McDermott,CHI,81,4,2.8,$2380440.0,0.07506702412868632,$6409665.27
E'Twaun Moore,CHI,59,22,1.8,$1015421.0,0.0482573726541555,$4120499.1
Bobby Portis,CHI,62,4,1.5,$1391160.0,0.04021447721179625,$3433749.25
Cristiano Felicio,CHI,4,1.2,$525090.0,0.032171581769437,$2746999.4
Joakim Noah,CHI,2,1.1,$13400000.0,0.02949061662198392,$2518082.78
Aaron Brooks,CHI,69,0,0.9,$2000000.0,0.02412868632707775,$2060249.55
Mike Dunleavy,CHI,30,0.9,$4500000.0,0.02412868632707775,$2060249.55
Justin Holiday,CHI,4,0.8,$947300.0,0.02144772117962467,$1831332.93
Derrick Rose,CHI,66,66,0.4,$20093063.0,0.010723860589812334,$915666.47
Tony Snell,CHI,64,33,0.4,$1535880.0,0.010723860589812334,$915666.47
Cameron Bairstow,CHI,2,0.0,$845059.0,0.0,$0.0
LeBron James,CLE,76,76,13.6,$22971000.0,0.23652173913043473,$25055133.83
Tristan Thompson,CLE,82,34,8.7,$14260870.0,0.1513043478260869,$16027916.49
Kevin Love,CLE,77,77,8.5,$19500000.0,0.1478260869565217,$15659458.64
J.R. Smith,CLE,77,77,5.5,$5000000.0,0.09565217391304345,$10132590.89
Kyrie Irving,CLE,53,5.0,$14746000.0,0.08695652173913042,$9211446.26
Matthew Dellavedova,CLE,76,14,3.8,$1147280.0,0.06608695652173911,$7000699.16
Timofey Mozgov,CLE,76,48,3.7,$4950000.0,0.06434782608695651,$6816470.23
Richard Jefferson,CLE,74,5,2.7,$1499000.0,0.046956521739130425,$4974180.98
Iman Shumpert,CLE,5,1.7,$9000000.0,0.02956521739130434,$3131891.73
Channing Frye,CLE,3,1.5,$7807579.0,0.026086956521739126,$2763433.88
James Jones,CLE,0,1.2,$1499000.0,0.0208695652173913,$2210747.1
Mo Williams,CLE,14,1.1,$2100000.0,0.01913043478260869,$2026518.18
Sasha Kaun,CLE,0,0.2,$1300000.0,0.0034782608695652167,$368457.85
Jordan McRae,CLE,1,0.2,$142084.0,0.0034782608695652167,$368457.85
Dahntay Jones,CLE,0,0.1,$8819.0,0.0017391304347826083,$184228.93
Dirk Nowitzki,DAL,75,75,6.8,$8333334.0,0.16190476190476188,$11590806.59
Zaza Pachulia,DAL,76,69,6.0,$5200000.0,0.14285714285714282,$10227182.29
Chandler Parsons,DAL,61,51,4.3,$15361500.0,0.10238095238095236,$7329480.64
Wesley Matthews,DAL,78,78,3.7,$16400000.0,0.08809523809523809,$6306762.41
Deron Williams,DAL,65,63,3.7,$5500000.0,0.08809523809523809,$6306762.41
Dwight Powell,DAL,69,2,3.1,$845059.0,0.0738095238095238,$5284044.18
J.J. Barea,DAL,74,16,2.8,$4000000.0,0.06666666666666665,$4772685.07
Raymond Felton,DAL,80,31,2.7,$3950313.0,0.06428571428571428,$4602232.03
Devin Harris,DAL,64,0,2.5,$4053000.0,0.059523809523809514,$4261325.95
David Lee,DAL,1,2.1,$2102224.0,0.049999999999999996,$3579513.8
Salah Mejri,DAL,6,1.3,$525093.0,0.030952380952380946,$2215889.5
Justin Anderson,DAL,9,1.1,$1449000.0,0.026190476190476188,$1874983.42
JaVale McGee,DAL,2,1.1,$1270964.0,0.026190476190476188,$1874983.42
Jeremy Evans,DAL,2,0.6,$1100602.0,0.014285714285714284,$1022718.23
Charlie Villanueva,DAL,62,4,0.2,$1499187.0,0.0047619047619047615,$340906.08
Nikola Jokic,DEN,80,55,6.7,$1300000.0,0.19940476190476195,$11253227.88
Danilo Gallinari,DEN,53,6.3,$14000000.0,0.18750000000000003,$10581393.38
Kenneth Faried,DEN,67,64,5.5,$11235955.0,0.16369047619047622,$9237724.38
Will Barton,DEN,82,1,4.3,$3333333.0,0.1279761904761905,$7222220.88
Gary Harris,DEN,76,76,4.0,$1587480.0,0.11904761904761907,$6718345.0
Darrell Arthur,DEN,70,16,2.3,$2814000.0,0.06845238095238096,$3863048.38
Joffrey Lauvergne,DEN,59,15,2.3,$1709720.0,0.06845238095238096,$3863048.38
D.J. Augustin,DEN,0,1.9,$3000000.0,0.056547619047619055,$3191213.88
J.J. Hickson,DEN,9,0.5,$5613500.0,0.014880952380952384,$839793.13
Jameer Nelson,DEN,15,0.5,$4500000.0,0.014880952380952384,$839793.13
Jusuf Nurkic,DEN,3,0.4,$1842000.0,0.011904761904761908,$671834.5
JaKarr Sampson,DEN,22,0.4,$285489.0,0.011904761904761908,$671834.5
Mike Miller,DEN,2,0.3,$1499187.0,0.00892857142857143,$503875.88
Axel Toupane,DEN,0,0.3,$61776.0,0.00892857142857143,$503875.88
Sean Kilpatrick,DEN,0,0.1,$99418.0,0.002976190476190477,$167958.63
Erick Green,DEN,0,0.0,$100000.0,0.0,$0.0
Kostas Papanikolaou,DEN,6,-0.1,$350000.0,-0.002976190476190477,$-167958.63
Emmanuel Mudiay,DEN,68,66,-2.1,$3102240.0,-0.06250000000000001,$-3527131.13
Andre Drummond,DET,81,81,7.4,$3272091.0,0.18877551020408162,$12679727.46
Reggie Jackson,DET,79,79,6.9,$14000000.0,0.1760204081632653,$11822989.12
Marcus Morris,DET,80,80,5.4,$5000000.0,0.1377551020408163,$9252774.09
Kentavious Caldwell-Pope,DET,76,76,5.3,$2891760.0,0.13520408163265304,$9081426.42
Aron Baynes,DET,81,1,4.1,$6500000.0,0.10459183673469385,$7025254.4
Tobias Harris,DET,25,3.3,$16000000.0,0.08418367346938774,$5654473.06
Anthony Tolliver,DET,72,5,2.8,$3000000.0,0.07142857142857142,$4797734.71
Reggie Bullock,DET,0,1.2,$1252440.0,0.03061224489795918,$2056172.02
Steve Blake,DET,58,2,1.1,$2170465.0,0.02806122448979592,$1884824.35
Stanley Johnson,DET,73,6,0.6,$2841960.0,0.01530612244897959,$1028086.01
Darrun Hilliard,DET,2,0.5,$525093.0,0.012755102040816325,$856738.34
Joel Anthony,DET,0,0.4,$2500000.0,0.01020408163265306,$685390.67
Spencer Dinwiddie,DET,0,0.1,$845059.0,0.002551020408163265,$171347.67
Jodie Meeks,DET,0,0.1,$6270000.0,0.002551020408163265,$171347.67
Justin Harper,DET,0,0.0,$99418.0,0.0,$0.0
Stephen Curry,GSW,79,79,17.9,$11370786.0,0.2640117994100295,$24739805.7
Draymond Green,GSW,81,81,11.1,$14300000.0,0.16371681415929204,$15341443.76
Klay Thompson,GSW,80,80,8.0,$15500000.0,0.11799410029498525,$11056896.4
Andrew Bogut,GSW,70,66,5.4,$12000000.0,0.07964601769911506,$7463405.07
Harrison Barnes,GSW,66,59,4.9,$3873398.0,0.07227138643067847,$6772349.05
Shaun Livingston,GSW,78,3,4.6,$5543725.0,0.06784660766961652,$6357715.43
Andre Iguodala,GSW,65,1,4.4,$11710456.0,0.0648967551622419,$6081293.02
Festus Ezeli,GSW,13,2.7,$2008748.0,0.03982300884955753,$3731702.54
Leandro Barbosa,GSW,68,0,2.1,$2500000.0,0.03097345132743363,$2902435.31
Brandon Rush,GSW,72,25,2.0,$1270964.0,0.029498525073746312,$2764224.1
Marreese Speights,GSW,72,0,1.8,$3815000.0,0.026548672566371685,$2487801.69
Ian Clark,GSW,66,1,0.9,$947276.0,0.013274336283185842,$1243900.85
James Michael McAdoo,GSW,1,0.8,$845059.0,0.011799410029498527,$1105689.64
Jason Thompson,GSW,1,0.6,$6431250.0,0.008849557522123894,$829267.23
Anderson Varejao,GSW,0,0.5,$458575.0,0.007374631268436578,$691056.03
Kevon Looney,GSW,0,0.1,$1131960.0,0.0014749262536873158,$138211.21
James Harden,HOU,82,82,13.3,$15756438.0,0.31666666666666676,$28559663.8
Dwight Howard,HOU,71,71,6.6,$22359364.0,0.15714285714285717,$14172464.74
Trevor Ariza,HOU,81,81,5.4,$8193030.0,0.12857142857142861,$11595652.97
Patrick Beverley,HOU,71,63,4.4,$6500000.0,0.10476190476190479,$9448309.83
Clint Capela,HOU,77,35,4.4,$1242720.0,0.10476190476190479,$9448309.83
Terrence Jones,HOU,11,1.5,$2489530.0,0.03571428571428572,$3221014.71
Jason Terry,HOU,72,7,1.5,$1499187.0,0.03571428571428572,$3221014.71
Marcus Thornton,HOU,6,1.3,$1186000.0,0.03095238095238096,$2791546.09
Corey Brewer,HOU,82,12,1.2,$8200000.0,0.028571428571428574,$2576811.77
Michael Beasley,HOU,0,1.0,$306527.0,0.023809523809523815,$2147343.14
Montrezl Harrell,HOU,1,0.9,$1000000.0,0.021428571428571432,$1932608.83
Ty Lawson,HOU,12,0.4,$12404495.0,0.009523809523809526,$858937.26
Donatas Motiejunas,HOU,22,0.3,$2288205.0,0.0071428571428571435,$644202.94
K.J. McDaniels,HOU,1,0.2,$3333333.0,0.004761904761904763,$429468.63
Sam Dekker,HOU,0,0.0,$1646400.0,0.0,$0.0
Andrew Goudelock,HOU,0,0.0,$200600.0,0.0,$0.0
Chuck Hayes,HOU,0,0.0,$83583.0,0.0,$0.0
Josh Smith,HOU,6,-0.4,$1499000.0,-0.009523809523809526,$-858937.26
Paul George,IND,81,81,9.2,$17120106.0,0.19870410367170627,$14045615.76
George Hill,IND,74,73,6.2,$8000000.0,0.13390928725701945,$9465523.66
Ian Mahinmi,IND,71,71,6.2,$4000000.0,0.13390928725701945,$9465523.66
Monta Ellis,IND,81,81,4.3,$10300000.0,0.09287257019438445,$6564798.67
Jordan Hill,IND,73,11,3.9,$4000000.0,0.08423326133909288,$5954119.72
Lavoy Allen,IND,79,28,3.7,$3700000.0,0.0799136069114471,$5648780.25
C.J. Miles,IND,64,24,3.1,$4394225.0,0.06695464362850972,$4732761.83
Myles Turner,IND,60,30,3.1,$2357760.0,0.06695464362850972,$4732761.83
Solomon Hill,IND,59,3,2.1,$1358880.0,0.04535637149028078,$3206064.47
Rodney Stuckey,IND,58,1,2.0,$6500000.0,0.04319654427645789,$3053394.73
Chase Budinger,IND,2,1.3,$5000000.0,0.028077753779697626,$1984706.57
Glenn Robinson,IND,4,0.8,$845000.0,0.017278617710583154,$1221357.89
Ty Lawson,IND,1,0.5,$265058.0,0.010799136069114472,$763348.68
Rakeem Christmas,IND,0,0.0,$1000000.0,0.0,$0.0
Shayne Whittington,IND,0,0.0,$845059.0,0.0,$0.0
Joseph Young,IND,0,-0.1,$1000000.0,-0.0021598272138228943,$-152669.74
Chris Paul,LAC,74,74,12.7,$21468696.0,0.24708171206225685,$23350761.6
DeAndre Jordan,LAC,77,77,11.5,$19500000.0,0.22373540856031132,$21144390.43
J.J. Redick,LAC,75,75,6.7,$6867000.0,0.13035019455252922,$12318905.73
Blake Griffin,LAC,35,3.8,$18907725.0,0.07392996108949418,$6986842.05
Cole Aldrich,LAC,60,5,3.5,$1100600.0,0.06809338521400779,$6435249.26
Jamal Crawford,LAC,79,5,3.3,$5675000.0,0.0642023346303502,$6067520.73
Wesley Johnson,LAC,80,9,2.6,$1100600.0,0.050583657587548646,$4780470.88
Austin Rivers,LAC,67,7,1.9,$3100000.0,0.03696498054474709,$3493421.03
Luc Mbah a Moute,LAC,75,61,1.6,$1270964.0,0.031128404669260708,$2941828.23
Pablo Prigioni,LAC,59,3,1.5,$981348.0,0.02918287937743191,$2757963.97
Jeff Green,LAC,10,0.9,$9200000.0,0.017509727626459148,$1654778.38
Paul Pierce,LAC,68,38,0.9,$3400000.0,0.017509727626459148,$1654778.38
C.J. Wilcox,LAC,0,0.3,$1159680.0,0.005836575875486382,$551592.79
Jeff Ayres,LAC,0,0.2,$187750.0,0.0038910505836575885,$367728.53
Branden Dawson,LAC,0,0.0,$525093.0,0.0,$0.0
Alex Stepheson,LAC,0,0.0,$61776.0,0.0,$0.0
Lou Williams,LAL,67,35,4.7,$7000000.0,0.27011494252873564,$19510436.06
Brandon Bass,LAL,66,0,4.1,$3000000.0,0.23563218390804594,$17019742.1
Roy Hibbert,LAL,81,81,2.2,$15500000.0,0.1264367816091954,$9132544.54
Larry Nance Jr.,LAL,63,22,2.2,$1155600.0,0.1264367816091954,$9132544.54
Jordan Clarkson,LAL,79,79,2.1,$845059.0,0.12068965517241378,$8717428.88
Julius Randle,LAL,81,60,1.6,$3132240.0,0.09195402298850575,$6641850.57
Tarik Black,LAL,0,0.7,$845059.0,0.04022988505747126,$2905809.63
Robert Sacre,LAL,1,0.3,$981348.0,0.017241379310344824,$1245346.98
Ryan Kelly,LAL,0,0.1,$1724250.0,0.005747126436781609,$415115.66
Metta World Peace,LAL,5,0.1,$1499187.0,0.005747126436781609,$415115.66
Nick Young,LAL,2,0.1,$5219169.0,0.005747126436781609,$415115.66
D'Angelo Russell,LAL,80,48,0.0,$5103120.0,0.0,$0.0
Marcelo Huertas,LAL,0,-0.1,$525093.0,-0.005747126436781609,$-415115.66
Anthony Brown,LAL,11,-0.3,$700000.0,-0.017241379310344824,$-1245346.98
Kobe Bryant,LAL,66,66,-0.4,$25000000.0,-0.022988505747126436,$-1660462.64
Mike Conley,MEM,56,5.3,$9588426.0,0.16987179487179485,$14035564.13
Zach Randolph,MEM,68,53,4.3,$9638555.0,0.1378205128205128,$11387344.48
Mario Chalmers,MEM,7,3.7,$4300000.0,0.11858974358974358,$9798412.7
Marc Gasol,MEM,52,3.7,$19700000.0,0.11858974358974358,$9798412.7
Matt Barnes,MEM,76,45,2.6,$3542500.0,0.08333333333333333,$6885371.08
JaMychal Green,MEM,78,15,2.6,$845059.0,0.08333333333333333,$6885371.08
Tony Allen,MEM,64,57,2.4,$5168539.0,0.07692307692307691,$6355727.15
Vince Carter,MEM,60,3,1.8,$4088091.0,0.05769230769230769,$4766795.37
Lance Stephenson,MEM,3,1.2,$9000000.0,0.03846153846153846,$3177863.58
Chris Andersen,MEM,14,1.1,$5000000.0,0.035256410256410256,$2913041.61
Ryan Hollins,MEM,9,0.9,$336716.0,0.028846153846153844,$2383397.68
Jarell Martin,MEM,0,0.8,$1230840.0,0.02564102564102564,$2118575.72
Brandan Wright,MEM,2,0.7,$5500000.0,0.022435897435897433,$1853753.75
Jordan Farmar,MEM,10,0.4,$111683.0,0.01282051282051282,$1059287.86
James Ennis,MEM,0,0.1,$845059.0,0.003205128205128205,$264821.96
Xavier Munford,MEM,0,0.1,$27812.0,0.003205128205128205,$264821.96
Alex Stepheson,MEM,0,0.1,$30888.0,0.003205128205128205,$264821.96
Jordan Adams,MEM,0,0.0,$1404600.0,0.0,$0.0
Bryce Cotton,MEM,0,0.0,$49709.0,0.0,$0.0
Briante Weber,MEM,4,0.0,$30888.0,0.0,$0.0
Elliot Williams,MEM,0,0.0,$55722.0,0.0,$0.0
Russ Smith,MEM,0,-0.1,$816482.0,-0.003205128205128205,$-264821.96
Ray McCallum,MEM,3,-0.2,$111444.0,-0.00641025641025641,$-529643.93
P.J. Hairston,MEM,9,-0.3,$1201440.0,-0.009615384615384614,$-794465.89
Hassan Whiteside,MIA,73,43,10.3,$981348.0,0.21729957805907174,$18646197.56
Chris Bosh,MIA,53,6.4,$22192730.0,0.13502109704641352,$11585986.84
Luol Deng,MIA,74,73,6.4,$10151612.0,0.13502109704641352,$11585986.84
Dwyane Wade,MIA,74,73,4.9,$20000000.0,0.10337552742616035,$8870521.17
Goran Dragic,MIA,72,72,4.7,$14780000.0,0.09915611814345993,$8508459.08
Josh Richardson,MIA,2,2.5,$525093.0,0.052742616033755275,$4525776.11
Justise Winslow,MIA,78,8,2.5,$2481720.0,0.052742616033755275,$4525776.11
Amar'e Stoudemire,MIA,36,2.4,$1499187.0,0.05063291139240506,$4344745.06
Joe Johnson,MIA,24,2.0,$414481.0,0.04219409282700422,$3620620.89
Tyler Johnson,MIA,5,2.0,$845059.0,0.04219409282700422,$3620620.89
Gerald Green,MIA,69,14,1.7,$1356000.0,0.035864978902953586,$3077527.75
Josh McRoberts,MIA,1,0.8,$5543725.0,0.01687763713080169,$1448248.35
Udonis Haslem,MIA,0,0.4,$2854940.0,0.008438818565400845,$724124.18
Beno Udrih,MIA,5,0.4,$2170465.0,0.008438818565400845,$724124.18
Briante Weber,MIA,0,0.0,$12355.0,0.0,$0.0
Greg Monroe,MIL,79,67,7.5,$16400000.0,0.23584905660377364,$16303779.72
Giannis Antetokounmpo,MIL,80,79,7.1,$1953960.0,0.22327044025157236,$15434244.8
Khris Middleton,MIL,79,79,6.1,$15000000.0,0.19182389937106922,$13260407.5
Jabari Parker,MIL,76,72,3.6,$5152440.0,0.11320754716981135,$7825814.26
Jerryd Bayless,MIL,18,2.4,$3000000.0,0.07547169811320756,$5217209.51
John Henson,MIL,1,2.3,$2943221.0,0.07232704402515724,$4999825.78
Miles Plumlee,MIL,61,14,2.2,$2109294.0,0.06918238993710694,$4782442.05
Michael Carter-Williams,MIL,37,1.2,$2399040.0,0.03773584905660378,$2608604.75
Tyler Ennis,MIL,7,0.4,$1662360.0,0.01257861635220126,$869534.92
Johnny O'Bryant,MIL,66,4,0.3,$845059.0,0.009433962264150945,$652151.19
Jared Cunningham,MIL,0,0.0,$57726.0,0.0,$0.0
Steve Novak,MIL,0,0.0,$416886.0,0.0,$0.0
Damien Inglis,MIL,1,-0.1,$855000.0,-0.003144654088050315,$-217383.73
O.J. Mayo,MIL,24,-0.1,$8000000.0,-0.003144654088050315,$-217383.73
Greivis Vasquez,MIL,0,-0.3,$6600000.0,-0.009433962264150945,$-652151.19
Rashad Vaughn,MIL,70,6,-0.8,$1733040.0,-0.02515723270440252,$-1739069.84
Karl-Anthony Towns,MIN,82,82,8.3,$5703600.0,0.24340175953079185,$16719012.51
Gorgui Dieng,MIN,82,39,5.9,$1474440.0,0.17302052785923758,$11884599.25
Ricky Rubio,MIN,76,76,5.8,$12365000.0,0.17008797653958946,$11683165.37
Andrew Wiggins,MIN,81,81,4.1,$5758680.0,0.12023460410557185,$8258789.31
Shabazz Muhammad,MIN,82,0,2.7,$2056920.0,0.07917888563049855,$5438714.91
Zach LaVine,MIN,82,33,2.6,$2148360.0,0.07624633431085046,$5237281.03
Nemanja Bjelica,MIN,60,0,1.9,$4000000.0,0.05571847507331379,$3827243.83
Kevin Garnett,MIN,38,1.1,$8500000.0,0.03225806451612904,$2215772.74
Kevin Martin,MIN,12,0.8,$7085000.0,0.023460410557184758,$1611471.09
Andre Miller,MIN,0,0.5,$1499187.0,0.014662756598240472,$1007169.43
Tayshaun Prince,MIN,77,44,0.4,$1499187.0,0.011730205278592379,$805735.54
Tyus Jones,MIN,0,0.3,$1282080.0,0.008797653958944282,$604301.66
Greg Smith,MIN,0,0.2,$128161.0,0.005865102639296189,$402867.77
Damjan Rudez,MIN,0,0.1,$1149500.0,0.0029325513196480947,$201433.89
Nikola Pekovic,MIN,3,-0.1,$12100000.0,-0.0029325513196480947,$-201433.89
Adreian Payne,MIN,2,-0.5,$1938840.0,-0.014662756598240472,$-1007169.43
Brook Lopez,BRK,73,73,6.2,$20000000.0,0.27312775330396477,$21391156.7
Thaddeus Young,BRK,73,73,4.1,$11200000.0,0.18061674008810572,$14145764.91
Donald Sloan,BRK,61,33,2.0,$1015421.0,0.0881057268722467,$6900373.13
Shane Larkin,BRK,78,17,1.4,$1500000.0,0.06167400881057269,$4830261.19
Rondae Hollis-Jefferson,BRK,17,1.2,$1335480.0,0.05286343612334802,$4140223.88
Willie Reed,BRK,2,1.2,$947276.0,0.05286343612334802,$4140223.88
Bojan Bogdanovic,BRK,79,39,0.9,$3425510.0,0.039647577092511016,$3105167.91
Jarrett Jack,BRK,32,0.9,$6300000.0,0.039647577092511016,$3105167.91
Sean Kilpatrick,BRK,0,0.9,$221176.0,0.039647577092511016,$3105167.91
Wayne Ellington,BRK,76,41,0.8,$1500000.0,0.03524229074889868,$2760149.25
Joe Johnson,BRK,57,0.7,$24894863.0,0.030837004405286344,$2415130.59
Markel Brown,BRK,62,6,0.6,$845059.0,0.02643171806167401,$2070111.94
Thomas Robinson,BRK,71,7,0.6,$981300.0,0.02643171806167401,$2070111.94
Henry Sims,BRK,4,0.4,$50170.0,0.01762114537444934,$1380074.63
Sergey Karasev,BRK,5,0.3,$1599840.0,0.013215859030837005,$1035055.97
Chris McCullough,BRK,4,0.3,$1140240.0,0.013215859030837005,$1035055.97
Andrea Bargnani,BRK,0,0.2,$1362900.0,0.00881057268722467,$690037.31
Anthony Davis,NOP,61,61,7.2,$7070730.0,0.23841059602649012,$19045836.72
Ryan Anderson,NOP,66,7,3.9,$8500000.0,0.12913907284768214,$10316494.89
Jrue Holiday,NOP,65,23,3.4,$10595507.0,0.11258278145695366,$8993867.34
Toney Douglas,NOP,61,18,2.5,$1164858.0,0.08278145695364239,$6613137.75
Dante Cunningham,NOP,80,46,2.1,$3000000.0,0.06953642384105961,$5555035.71
Eric Gordon,NOP,44,2.1,$15514031.0,0.06953642384105961,$5555035.71
Alonzo Gee,NOP,73,38,1.9,$1375000.0,0.06291390728476821,$5025984.69
Omer Asik,NOP,68,64,1.7,$11000000.0,0.05629139072847683,$4496933.67
Tyreke Evans,NOP,25,1.4,$11227000.0,0.046357615894039736,$3703357.14
Tim Frazier,NOP,1,1.2,$94448.0,0.039735099337748346,$3174306.12
Luke Babbitt,NOP,13,1.1,$1100000.0,0.036423841059602655,$2909780.61
Alexis Ajinca,NOP,59,17,1.0,$4300000.0,0.033112582781456956,$2645255.1
James Ennis,NOP,5,0.8,$24855.0,0.02649006622516557,$2116204.08
Bryce Dejean-Jones,NOP,11,0.2,$169883.0,0.0066225165562913925,$529051.02
Jordan Hamilton,NOP,4,0.2,$59731.0,0.0066225165562913925,$529051.02
Nate Robinson,NOP,1,0.0,$44000.0,0.0,$0.0
Norris Cole,NOP,23,-0.1,$3036927.0,-0.0033112582781456962,$-264525.51
Jimmer Fredette,NOP,0,-0.1,$54812.0,-0.0033112582781456962,$-264525.51
Kendrick Perkins,NOP,5,-0.1,$1499200.0,-0.0033112582781456962,$-264525.51
Orlando Johnson,NOP,1,-0.2,$55722.0,-0.0066225165562913925,$-529051.02
Carmelo Anthony,NYK,72,72,6.4,$22875000.0,0.18338108882521495,$13737606.79
Robin Lopez,NYK,82,82,5.8,$13000000.0,0.16618911174785103,$12449706.15
Kristaps Porzingis,NYK,72,72,4.3,$4131720.0,0.12320916905444129,$9229954.56
Jose Calderon,NYK,72,72,4.0,$7402812.0,0.11461318051575935,$8586004.24
Derrick Williams,NYK,80,9,3.6,$4900000.0,0.10315186246418341,$7727403.82
Langston Galloway,NYK,82,7,3.3,$845059.0,0.09455587392550145,$7083453.5
Arron Afflalo,NYK,71,57,2.7,$8000000.0,0.07736389684813756,$5795552.86
Lance Thomas,NYK,59,5,1.7,$1650000.0,0.04871060171919772,$3649051.8
Kyle O'Quinn,NYK,65,1,1.6,$3750000.0,0.04584527220630374,$3434401.7
Sasha Vujacic,NYK,61,25,1.1,$1356146.0,0.031518624641833824,$2361151.17
Jerian Grant,NYK,76,6,0.8,$1572360.0,0.02292263610315187,$1717200.85
Jimmer Fredette,NYK,0,0.1,$59731.0,0.0028653295128939836,$214650.11
Thanasis Antetokounmpo,NYK,0,0.0,$75000.0,0.0,$0.0
Lou Amundson,NYK,0,-0.1,$1650000.0,-0.0028653295128939836,$-214650.11
Cleanthony Early,NYK,2,-0.2,$845059.0,-0.005730659025787967,$-429300.21
Kevin Seraphin,NYK,0,-0.2,$2800000.0,-0.005730659025787967,$-429300.21
Kevin Durant,OKC,72,72,14.5,$20158622.0,0.24288107202680068,$22982053.1
Russell Westbrook,OKC,80,80,14.0,$16744218.0,0.23450586264656617,$22189568.51
Enes Kanter,OKC,82,1,8.1,$16400000.0,0.135678391959799,$12838250.35
Steven Adams,OKC,80,80,6.5,$2279040.0,0.10887772194304858,$10302299.66
Serge Ibaka,OKC,78,78,5.5,$12350000.0,0.09212730318257957,$8717330.49
Andre Roberson,OKC,70,70,3.4,$1210800.0,0.056951423785594646,$5388895.21
Dion Waiters,OKC,78,15,2.1,$5138430.0,0.03517587939698493,$3328435.28
Anthony Morrow,OKC,68,6,1.9,$3344000.0,0.031825795644891124,$3011441.44
Cameron Payne,OKC,1,1.4,$2021520.0,0.023450586264656615,$2218956.85
Kyle Singler,OKC,68,2,1.1,$5000000.0,0.018425460636515914,$1743466.1
Nick Collison,OKC,59,4,0.8,$3750000.0,0.013400335008375211,$1267975.34
Randy Foye,OKC,1,0.4,$3270000.0,0.006700167504187606,$633987.67
Josh Huestis,OKC,0,0.0,$1140240.0,0.0,$0.0
Mitch McGary,OKC,0,0.0,$1463040.0,0.0,$0.0
Nazr Mohammed,OKC,0,0.0,$352750.0,0.0,$0.0
Evan Fournier,ORL,79,71,5.7,$2288205.0,0.17592592592592593,$10601555.44
Aaron Gordon,ORL,78,37,5.4,$4171680.0,0.16666666666666669,$10043578.83
Nikola Vucevic,ORL,65,60,5.2,$11250000.0,0.16049382716049385,$9671594.43
Victor Oladipo,ORL,72,52,4.9,$5192520.0,0.15123456790123457,$9113617.83
Dewayne Dedmon,ORL,58,20,2.4,$947278.0,0.07407407407407407,$4463812.81
Elfrid Payton,ORL,73,69,2.2,$2505720.0,0.06790123456790124,$4091828.41
Jason Smith,ORL,76,2,1.8,$4300000.0,0.05555555555555556,$3347859.61
Andrew Nicholson,ORL,0,1.6,$2380594.0,0.04938271604938272,$2975875.21
Ersan Ilyasova,ORL,4,1.1,$7900000.0,0.03395061728395062,$2045914.21
Mario Hezonja,ORL,79,9,0.9,$3741480.0,0.02777777777777778,$1673929.81
Brandon Jennings,ORL,6,0.7,$8344497.0,0.021604938271604937,$1301945.4
C.J. Watson,ORL,2,0.6,$5000000.0,0.018518518518518517,$1115953.2
Shabazz Napier,ORL,0,0.1,$1294440.0,0.00308641975308642,$185992.2
Keith Appling,ORL,0,-0.1,$100000.0,-0.00308641975308642,$-185992.2
Devyn Marble,ORL,0,-0.1,$845059.0,-0.00308641975308642,$-185992.2
Nerlens Noel,PHI,67,62,3.0,$3457800.0,0.18750000000000006,$6164890.13
Jerami Grant,PHI,77,52,2.1,$845059.0,0.13125000000000003,$4315423.09
Carl Landry,PHI,12,2.1,$6500000.0,0.13125000000000003,$4315423.09
Robert Covington,PHI,67,49,2.0,$1000000.0,0.12500000000000003,$4109926.75
T.J. McConnell,PHI,81,17,1.9,$525093.0,0.11875000000000002,$3904430.41
Richaun Holmes,PHI,1,1.5,$1050000.0,0.09375000000000003,$3082445.06
Isaiah Canaan,PHI,77,39,1.4,$947276.0,0.08750000000000001,$2876948.73
Jahlil Okafor,PHI,48,1.2,$4582680.0,0.07500000000000001,$2465956.05
Hollis Thompson,PHI,77,17,1.2,$947276.0,0.07500000000000001,$2465956.05
Nik Stauskas,PHI,73,35,0.5,$2869440.0,0.03125000000000001,$1027481.69
Ish Smith,PHI,50,0.4,$1100602.0,0.02500000000000001,$821985.35
Christian Wood,PHI,0,0.3,$21621.0,0.018750000000000003,$616489.01
Elton Brand,PHI,1,0.2,$890693.0,0.012500000000000004,$410992.68
Phil Pressey,PHI,0,0.0,$172739.0,0.0,$0.0
Sonny Weems,PHI,0,-0.2,$2800000.0,-0.012500000000000004,$-410992.68
JaKarr Sampson,PHI,18,-0.3,$845059.0,-0.018750000000000003,$-616489.01
Kendall Marshall,PHI,6,-0.5,$2144722.0,-0.03125000000000001,$-1027481.69
Tony Wroten,PHI,3,-0.8,$2179354.0,-0.05000000000000002,$-1643970.7
Tyson Chandler,PHO,66,60,3.8,$13000000.0,0.14960629921259844,$10116209.2
Mirza Teletovic,PHO,79,1,3.8,$5500000.0,0.14960629921259844,$10116209.2
P.J. Tucker,PHO,82,80,3.5,$5500000.0,0.1377952755905512,$9317561.1
Jon Leuer,PHO,67,27,2.7,$1035000.0,0.10629921259842522,$7187832.85
Eric Bledsoe,PHO,31,2.5,$13086957.0,0.0984251968503937,$6655400.79
T.J. Warren,PHO,4,2.2,$2041080.0,0.08661417322834647,$5856752.69
Devin Booker,PHO,76,51,1.9,$2127840.0,0.07480314960629922,$5058104.6
Brandon Knight,PHO,50,1.7,$12000000.0,0.06692913385826772,$4525672.54
Ronnie Price,PHO,62,18,1.4,$1499187.0,0.05511811023622047,$3727024.44
Alex Len,PHO,78,46,1.3,$3807120.0,0.05118110236220473,$3460808.41
John Jenkins,PHO,2,0.4,$981000.0,0.015748031496062995,$1064864.13
Jordan McRae,PHO,0,0.2,$61776.0,0.007874015748031498,$532432.06
Alan Williams,PHO,0,0.2,$83397.0,0.007874015748031498,$532432.06
Chase Budinger,PHO,0,0.1,$258082.0,0.003937007874015749,$266216.03
Archie Goodwin,PHO,13,0.1,$1160160.0,0.003937007874015749,$266216.03
Cory Jefferson,PHO,0,0.1,$370000.0,0.003937007874015749,$266216.03
Kris Humphries,PHO,3,0.0,$4600000.0,0.0,$0.0
Orlando Johnson,PHO,0,0.0,$55722.0,0.0,$0.0
Phil Pressey,PHO,0,-0.1,$111444.0,-0.003937007874015749,$-266216.03
Lorenzo Brown,PHO,0,-0.2,$111444.0,-0.007874015748031498,$-532432.06
Bryce Cotton,PHO,0,-0.2,$228663.0,-0.007874015748031498,$-532432.06
Damian Lillard,POR,75,75,9.2,$4236287.0,0.2076749435665914,$10073725.87
Ed Davis,POR,81,0,6.7,$7000000.0,0.15124153498871334,$7336300.36
Mason Plumlee,POR,82,82,6.1,$1415520.0,0.13769751693002258,$6679318.24
C.J. McCollum,POR,80,80,6.0,$2525160.0,0.13544018058690746,$6569821.22
Allen Crabbe,POR,81,8,4.3,$947276.0,0.09706546275395034,$4708371.87
Al-Farouq Aminu,POR,82,82,4.0,$7500000.0,0.09029345372460497,$4379880.81
Maurice Harkless,POR,78,14,2.9,$2894059.0,0.0654627539503386,$3175413.59
Meyers Leonard,POR,61,10,2.2,$3075880.0,0.04966139954853274,$2408934.45
Gerald Henderson,POR,72,0,2.0,$6000000.0,0.045146726862302484,$2189940.41
Noah Vonleh,POR,78,56,1.2,$2637720.0,0.02708803611738149,$1313964.24
Brian Roberts,POR,0,0.3,$2854940.0,0.006772009029345372,$328491.06
Chris Kaman,POR,2,0.1,$5000000.0,0.0022573363431151244,$109497.02
Cliff Alexander,POR,0,0.0,$525093.0,0.0,$0.0
Pat Connaughton,POR,0,-0.2,$525093.0,-0.004514672686230249,$-218994.04
Luis Montero,POR,0,-0.2,$525093.0,-0.004514672686230249,$-218994.04
Tim Frazier,POR,1,-0.3,$845059.0,-0.006772009029345372,$-328491.06
DeMarcus Cousins,SAC,65,65,5.7,$14728844.0,0.16332378223495703,$11571016.5
Darren Collison,SAC,74,15,5.2,$5013559.0,0.1489971346704871,$10556015.05
Rajon Rondo,SAC,72,72,4.6,$9500000.0,0.1318051575931232,$9338013.31
Willie Cauley-Stein,SAC,66,39,3.8,$3398280.0,0.10888252148997135,$7714011.0
Rudy Gay,SAC,70,70,3.8,$12403101.0,0.10888252148997135,$7714011.0
Omri Casspi,SAC,69,21,3.6,$3000000.0,0.10315186246418338,$7308010.42
Kosta Koufos,SAC,78,14,3.5,$7500000.0,0.1002865329512894,$7105010.13
Quincy Acy,SAC,59,29,2.5,$981348.0,0.07163323782234958,$5075007.23
Seth Curry,SAC,9,1.4,$947276.0,0.040114613180515755,$2842004.05
Marco Belinelli,SAC,68,7,0.5,$6333333.0,0.014326647564469915,$1015001.45
Caron Butler,SAC,1,0.3,$1499187.0,0.008595988538681949,$609000.87
Ben McLemore,SAC,68,53,0.3,$3156600.0,0.008595988538681949,$609000.87
Duje Dukan,SAC,0,0.0,$525093.0,0.0,$0.0
Eric Moreland,SAC,0,0.0,$845059.0,0.0,$0.0
James Anderson,SAC,15,-0.3,$1015421.0,-0.008595988538681949,$-609000.87
Kawhi Leonard,SAS,72,72,13.7,$16500000.0,0.19826338639652677,$17220639.88
LaMarcus Aldridge,SAS,74,74,10.1,$19500000.0,0.14616497829232997,$12695508.23
Tony Parker,SAS,72,72,5.8,$13437500.0,0.08393632416787265,$7290489.88
David West,SAS,78,19,5.4,$1499000.0,0.07814761215629523,$6787697.47
Tim Duncan,SAS,61,60,5.2,$5000000.0,0.07525325615050651,$6536301.27
Patrick Mills,SAS,81,3,4.8,$3578947.0,0.0694645441389291,$6033508.86
Danny Green,SAS,79,79,4.2,$10000000.0,0.06078147612156296,$5279320.25
Boris Diaw,SAS,76,4,3.8,$7000000.0,0.05499276410998553,$4776527.85
Manu Ginobili,SAS,58,0,3.8,$2814000.0,0.05499276410998553,$4776527.85
Kyle Anderson,SAS,78,11,3.5,$1142879.0,0.050651230101302465,$4399433.55
Boban Marjanovic,SAS,4,3.4,$1200000.0,0.049204052098408106,$4273735.44
Jonathon Simmons,SAS,2,2.0,$525093.0,0.028943560057887122,$2513962.03
Rasual Butler,SAS,0,1.3,$1499187.0,0.01881331403762663,$1634075.32
Matt Bonner,SAS,2,0.8,$1499187.0,0.011577424023154849,$1005584.81
Ray McCallum,SAS,3,0.5,$947276.0,0.007235890014471781,$628490.51
Kevin Martin,SAS,1,0.4,$317475.0,0.0057887120115774245,$502792.41
Andre Miller,SAS,4,0.4,$396844.0,0.0057887120115774245,$502792.41
Kyle Lowry,TOR,77,77,11.6,$12000000.0,0.21284403669724766,$15278937.87
DeMar DeRozan,TOR,78,78,9.9,$9500000.0,0.18165137614678897,$13039783.18
Jonas Valanciunas,TOR,60,59,6.9,$4660482.0,0.12660550458715594,$9088333.73
Bismack Biyombo,TOR,82,22,5.9,$3000000.0,0.10825688073394495,$7771183.92
Patrick Patterson,TOR,79,0,3.6,$6268675.0,0.06605504587155962,$4741739.34
Terrence Ross,TOR,73,7,3.6,$3553917.0,0.06605504587155962,$4741739.34
Cory Joseph,TOR,80,4,3.5,$7000000.0,0.06422018348623852,$4610024.36
Luis Scola,TOR,76,76,3.3,$3000000.0,0.06055045871559632,$4346594.39
Norman Powell,TOR,24,1.6,$650000.0,0.029357798165137613,$2107439.71
James Johnson,TOR,32,1.3,$2500000.0,0.02385321100917431,$1712294.76
DeMarre Carroll,TOR,22,1.2,$13500000.0,0.02201834862385321,$1580579.78
Jason Thompson,TOR,6,1.0,$328955.0,0.018348623853211007,$1317149.82
Lucas Nogueira,TOR,1,0.7,$1842000.0,0.012844036697247704,$922004.87
Delon Wright,TOR,1,0.6,$1509360.0,0.011009174311926604,$790289.89
Anthony Bennett,TOR,0,0.1,$947276.0,0.0018348623853211008,$131714.98
Bruno Caboclo,TOR,1,-0.3,$1524000.0,-0.005504587155963302,$-395144.94
Gordon Hayward,UTA,80,80,8.9,$15409570.0,0.18776371308016881,$11247609.7
Derrick Favors,UTA,62,59,7.1,$11933333.0,0.149789029535865,$8972812.24
Rudy Gobert,UTA,61,60,6.4,$1175880.0,0.13502109704641355,$8088168.78
Rodney Hood,UTA,79,79,6.0,$1348440.0,0.1265822784810127,$7582658.23
Trevor Booker,UTA,79,2,4.3,$4775000.0,0.09071729957805909,$5434238.4
Joe Ingles,UTA,81,2,2.3,$2250000.0,0.048523206751054856,$2906685.65
Trey Lyles,UTA,80,33,2.3,$2239800.0,0.048523206751054856,$2906685.65
Jeff Withey,UTA,10,2.3,$947276.0,0.048523206751054856,$2906685.65
Trey Burke,UTA,64,0,2.1,$2658240.0,0.04430379746835444,$2653930.38
Raul Neto,UTA,81,53,1.8,$1000000.0,0.037974683544303806,$2274797.47
Alec Burks,UTA,3,1.5,$9213484.0,0.031645569620253174,$1895664.56
Shelvin Mack,UTA,27,1.2,$2433333.0,0.025316455696202535,$1516531.65
Chris Johnson,UTA,70,2,1.1,$981348.0,0.023206751054852325,$1390154.01
Erick Green,UTA,0,0.1,$99418.0,0.0021097046413502117,$126377.64
Elijah Millsap,UTA,0,0.1,$362878.0,0.0021097046413502117,$126377.64
J.J. O'Brien,UTA,0,0.0,$75000.0,0.0,$0.0
Tibor Pleiss,UTA,0,-0.1,$3000000.0,-0.0021097046413502117,$-126377.64
Marcin Gortat,WAS,75,74,7.3,$11217391.0,0.1867007672634271,$14679126.96
John Wall,WAS,77,77,5.7,$15851950.0,0.14578005115089515,$11461784.06
Otto Porter,WAS,75,73,5.6,$4662960.0,0.1432225063938619,$11260700.13
Jared Dudley,WAS,81,41,4.6,$4250000.0,0.1176470588235294,$9249860.82
Ramon Sessions,WAS,82,5,3.8,$2170465.0,0.09718670076726342,$7641189.38
Bradley Beal,WAS,35,2.7,$5694674.0,0.0690537084398977,$5429266.14
Nene Hilario,WAS,11,2.7,$13000000.0,0.0690537084398977,$5429266.14
Garrett Temple,WAS,80,43,2.7,$1100602.0,0.0690537084398977,$5429266.14
Gary Neal,WAS,2,1.4,$2100000.0,0.03580562659846547,$2815175.03
Markieff Morris,WAS,21,1.1,$8000000.0,0.02813299232736573,$2211923.24
Kelly Oubre,WAS,63,9,0.4,$1920240.0,0.010230179028132993,$804335.72
Marcus Thornton,WAS,2,0.4,$251107.0,0.010230179028132993,$804335.72
Alan Anderson,WAS,0,0.3,$4000000.0,0.007672634271099744,$603251.79
J.J. Hickson,WAS,0,0.3,$366337.0,0.007672634271099744,$603251.79
Jarell Eddie,WAS,0,0.1,$561716.0,0.0025575447570332483,$201083.93
Drew Gooden,WAS,0,0.0,$3300000.0,0.0,$0.0
Ryan Hollins,WAS,3,0.0,$176375.0,0.0,$0.0
