Rk,Player,From,To,Tm,Lg,G,GS,MP,FG,FGA,2P,2PA,3P,3PA,FT,FTA,ORB,DRB,TRB,AST,STL,BLK,TOV,PF,PTS,FG%,2P%,3P%,eFG%,FT%,TS%,WS,salary,WS%,expected_salary,salary_diff
1,Paul Millsap,,,ATL,NBA,81,81,2647,501,1066,427,834,74,232,309,408,198,534,732,265,147,139,191,237,1385,.470,.512,.319,.505,.757,.556,10.1,$19000000.0,0.20199999999999993,$14418381.45,$-4581618.55
2,Al Horford,,,ATL,NBA,82,82,2631,529,1048,441,792,88,256,103,129,148,448,596,263,68,121,107,163,1249,.505,.557,.344,.547,.798,.565,9.4,$12000000.0,0.18799999999999994,$13419087.69,$1419087.69
3,Jeff Teague,,,ATL,NBA,79,78,2255,434,988,324,713,110,275,261,312,33,181,214,470,97,24,218,167,1239,.439,.454,.400,.495,.837,.551,5.9,$8000000.0,0.11799999999999998,$8422618.87,$422618.87
4,Thabo Sefolosha,,,ATL,NBA,75,11,1758,188,372,146,248,42,124,62,99,52,282,334,107,85,37,68,109,480,.505,.589,.339,.562,.626,.578,4.5,$4000000.0,0.08999999999999997,$6424031.34,$2424031.34
5,Kent Bazemore,,,ATL,NBA,75,68,2083,320,725,211,420,109,305,123,151,28,351,379,171,98,38,138,176,872,.441,.502,.357,.517,.815,.551,4.1,$2000000.0,0.08199999999999998,$5853006.33,$3853006.33
6,Kyle Korver,,,ATL,NBA,80,80,2401,268,616,110,219,158,397,45,54,14,246,260,164,60,35,98,161,739,.435,.502,.398,.563,.833,.578,4.1,$5746479.0,0.08199999999999998,$5853006.33,$106527.33
7,Mike Scott,,,ATL,NBA,75,0,1146,176,376,114,218,62,158,50,63,53,153,206,78,25,17,42,102,464,.468,.523,.392,.551,.794,.575,3.2,$3333333.0,0.06399999999999999,$4568200.06,$1234867.06
8,Dennis Schroder,,,ATL,NBA,80,6,1621,329,781,252,542,77,239,144,182,25,179,204,349,70,9,183,138,879,.421,.465,.322,.471,.791,.510,2.2,$1763400.0,0.04399999999999999,$3140637.54,$1377237.54
9,Tim Hardaway,,,ATL,NBA,51,1,864,114,265,66,123,48,142,50,56,7,79,86,51,21,7,23,48,326,.430,.537,.338,.521,.893,.563,1.9,$1304520.0,0.037999999999999985,$2712368.79,$1407848.79
10,Tiago Splitter,,,ATL,NBA,36,2,579,81,155,81,153,0,2,39,48,45,75,120,30,20,12,24,71,201,.523,.529,.000,.523,.813,.571,1.7,$8500000.0,0.03399999999999999,$2426856.28,$-6073143.72
11,Mike Muscala,,,ATL,NBA,60,0,565,76,152,64,113,12,39,31,39,38,79,117,34,13,27,27,72,195,.500,.566,.308,.539,.795,.576,1.6,$947276.0,0.031999999999999994,$2284100.03,$1336824.03
12,Kris Humphries,,,ATL,NBA,21,0,295,47,101,39,70,8,31,32,45,20,51,71,13,10,7,14,44,134,.465,.557,.258,.505,.711,.555,0.9,$388025.0,0.017999999999999995,$1284806.27,$896781.27
14,Lamar Patterson,,,ATL,NBA,35,0,395,28,80,16,31,12,49,16,22,4,46,50,39,9,2,23,45,84,.350,.516,.245,.425,.727,.468,0.2,$525093.0,0.003999999999999999,$285512.5,$-239580.5
15,Walter Tavares,,,ATL,NBA,11,0,73,11,19,11,19,0,0,3,8,7,14,21,3,1,6,5,8,25,.579,.579,,.579,.375,.555,0.2,$1000000.0,0.003999999999999999,$285512.5,$-714487.5
16,Kirk Hinrich,,,ATL,NBA,11,0,76,2,11,1,5,1,6,0,0,1,11,12,14,2,1,3,1,5,.182,.200,.167,.227,,.227,0.0,$2870000.0,0.0,$0.0,$-2870000.0
1,Isaiah Thomas,,,BOS,NBA,82,79,2644,591,1382,424,917,167,465,474,544,46,197,243,509,91,9,220,167,1823,.428,.462,.359,.488,.871,.562,9.7,$6912869.0,0.19917864476386035,$14545906.28,$7633037.28
2,Jae Crowder,,,BOS,NBA,73,73,2308,360,813,238,450,122,363,196,239,70,303,373,135,126,35,83,198,1038,.443,.529,.336,.518,.820,.565,7.3,$6000000.0,0.14989733059548255,$10946919.16,$4946919.16
3,Amir Johnson,,,BOS,NBA,79,76,1800,249,426,239,383,10,43,69,121,178,327,505,138,52,83,94,214,577,.585,.624,.233,.596,.570,.602,5.9,$12000000.0,0.12114989733059549,$8847510.01,$-3152489.99
4,Avery Bradley,,,BOS,NBA,76,72,2536,456,1019,309,612,147,407,96,123,48,172,220,158,117,19,109,164,1155,.447,.505,.361,.520,.780,.538,4.8,$7730337.0,0.09856262833675564,$7197974.24,$-532362.76
5,Jared Sullinger,,,BOS,NBA,81,73,1915,351,806,322,703,29,103,103,161,194,479,673,187,75,47,102,209,834,.435,.458,.282,.453,.640,.476,4.8,$2269260.0,0.09856262833675564,$7197974.24,$4928714.24
6,Kelly Olynyk,,,BOS,NBA,69,8,1395,253,556,168,346,85,210,96,128,72,209,281,105,52,33,74,163,687,.455,.486,.405,.531,.750,.561,4.1,$2165160.0,0.0841889117043121,$6148269.67,$3983109.67
7,Evan Turner,,,BOS,NBA,81,12,2271,343,753,323,670,20,83,148,179,50,347,397,359,80,28,169,139,854,.456,.482,.241,.469,.827,.513,4.0,$3425510.0,0.08213552361396304,$5998311.87,$2572801.87
8,Marcus Smart,,,BOS,NBA,61,10,1667,184,529,123,288,61,241,129,166,76,179,255,185,91,18,80,183,558,.348,.427,.253,.405,.777,.463,2.9,$3431040.0,0.0595482546201232,$4348776.1,$917736.1
9,Jonas Jerebko,,,BOS,NBA,78,0,1176,118,286,75,178,43,108,61,78,77,211,288,62,20,24,52,137,340,.413,.421,.398,.488,.782,.531,2.4,$5000000.0,0.04928131416837782,$3598987.12,$-1401012.88
10,Tyler Zeller,,,BOS,NBA,60,3,710,138,290,138,290,0,0,88,108,62,116,178,29,10,22,46,97,364,.476,.476,,.476,.815,.539,1.7,$2616975.0,0.03490759753593429,$2549282.54,$-67692.46
11,David Lee,,,BOS,NBA,30,4,470,87,192,87,191,0,1,40,51,41,89,130,54,12,13,38,51,214,.453,.455,.000,.453,.784,.499,0.9,$15493680.0,0.018480492813141684,$1349620.17,$-14144059.83
12,R.J. Hunter,,,BOS,NBA,36,0,315,36,98,17,35,19,63,6,7,2,35,37,13,14,4,11,29,97,.367,.486,.302,.464,.857,.480,0.3,$1148640.0,0.006160164271047227,$449873.39,$-698766.61
13,Jordan Mickey,,,BOS,NBA,16,0,57,8,22,8,22,0,0,5,10,6,7,13,1,0,11,1,5,21,.364,.364,,.364,.500,.398,0.1,$1200000.0,0.002053388090349076,$149957.8,$-1050042.2
14,James Young,,,BOS,NBA,29,0,199,11,36,5,10,6,26,1,4,4,22,26,9,6,1,5,17,29,.306,.500,.231,.389,.250,.384,0.1,$1749840.0,0.002053388090349076,$149957.8,$-1599882.2
15,Coty Clarke,,,BOS,NBA,3,0,6,2,4,0,2,2,2,0,0,0,1,1,0,0,0,1,0,6,.500,.000,1.000,.750,,.750,0.0,$61776.0,0.0,$0.0,$-61776.0
16,Terry Rozier,,,BOS,NBA,39,0,311,29,106,23,79,6,27,8,10,24,39,63,37,6,1,19,23,72,.274,.291,.222,.302,.800,.326,-0.3,$1824360.0,-0.006160164271047227,$-449873.39,$-2274233.39
1,Kemba Walker,,,CHO,NBA,81,81,2885,568,1331,386,841,182,490,371,438,56,301,357,421,126,39,171,111,1689,.427,.459,.371,.495,.847,.554,9.9,$12000000.0,0.20711297071129708,$16034359.16,$4034359.16
2,Marvin Williams,,,CHO,NBA,81,81,2338,338,747,186,369,152,378,120,144,127,394,521,110,58,77,62,133,948,.452,.504,.402,.554,.833,.585,7.8,$7000000.0,0.16317991631799164,$12633131.46,$5633131.46
3,Cody Zeller,,,CHO,NBA,73,60,1774,231,437,230,427,1,10,175,232,138,317,455,71,57,63,68,204,638,.529,.539,.100,.530,.754,.592,6.3,$4204200.0,0.13179916317991633,$10203683.1,$5999483.1
4,Nicolas Batum,,,CHO,NBA,70,70,2448,372,873,233,474,139,399,163,192,55,373,428,403,65,43,205,114,1046,.426,.492,.348,.506,.849,.546,5.0,$12235750.0,0.10460251046025106,$8098161.19,$-4137588.81
5,Jeremy Lin,,,CHO,NBA,78,13,2048,300,728,224,502,76,226,238,292,42,211,253,235,58,42,150,165,914,.412,.446,.336,.464,.815,.534,3.5,$2100000.0,0.07322175732217574,$5668712.83,$3568712.83
6,Frank Kaminsky,,,CHO,NBA,81,3,1708,215,525,147,323,68,202,108,148,69,266,335,98,38,43,58,126,606,.410,.455,.337,.474,.730,.513,3.3,$2612500.0,0.06903765690376569,$5344786.39,$2732286.39
7,Al Jefferson,,,CHO,NBA,47,18,1096,245,505,245,505,0,0,72,111,57,244,301,70,30,41,34,117,562,.485,.485,,.485,.649,.507,2.8,$13833333.0,0.058577405857740586,$4534970.27,$-9298362.73
8,Jeremy Lamb,,,CHO,NBA,66,0,1227,230,510,174,329,56,181,64,88,44,208,252,77,42,30,50,105,580,.451,.529,.309,.506,.727,.529,2.7,$3034356.0,0.05648535564853557,$4373007.04,$1338651.04
9,Spencer Hawes,,,CHO,NBA,57,6,1035,124,306,86,204,38,102,54,65,51,193,244,109,22,27,58,111,340,.405,.422,.373,.467,.831,.508,1.9,$5543725.0,0.0397489539748954,$3077301.25,$-2466423.75
10,Courtney Lee,,,CHO,NBA,28,28,845,98,220,67,141,31,79,23,26,10,77,87,60,33,12,23,55,250,.445,.475,.392,.516,.885,.540,1.6,$5675000.0,0.03347280334728034,$2591411.58,$-3083588.42
11,Troy Daniels,,,CHO,NBA,43,0,476,89,187,30,65,59,122,5,9,7,50,57,21,11,3,24,40,242,.476,.462,.484,.634,.556,.634,1.1,$947276.0,0.023012552301255235,$1781595.46,$834319.46
12,Tyler Hansbrough,,,CHO,NBA,44,0,343,32,71,30,68,2,3,38,65,40,49,89,8,12,7,12,55,104,.451,.441,.667,.465,.585,.522,1.0,$1185784.0,0.020920502092050212,$1619632.24,$433848.24
15,Michael Kidd-Gilchrist,,,CHO,NBA,7,7,205,33,61,30,54,3,7,20,29,12,33,45,9,3,3,8,9,89,.541,.556,.429,.566,.690,.603,0.6,$6331404.0,0.012552301255230125,$971779.34,$-5359624.66
16,Jorge Gutierrez,,,CHO,NBA,12,0,63,6,11,6,9,0,2,10,11,0,7,7,17,3,0,6,3,22,.545,.667,.000,.545,.909,.694,0.3,$190000.0,0.006276150627615063,$485889.67,$295889.67
17,Aaron Harrison,,,CHO,NBA,21,0,93,5,19,2,9,3,10,5,12,4,11,15,2,6,0,4,10,18,.263,.222,.300,.342,.417,.371,0.0,$525093.0,0.0,$0.0,$-525093.0
1,Jimmy Butler,,,CHI,NBA,67,67,2474,470,1035,406,830,64,205,395,475,79,279,358,321,110,43,132,124,1399,.454,.489,.312,.485,.832,.562,9.1,$15260000.0,0.24396782841823056,$20831412.11,$5571412.11
2,Pau Gasol,,,CHI,NBA,72,72,2291,467,995,443,926,24,69,229,289,155,638,793,294,42,146,164,148,1187,.469,.478,.348,.481,.792,.529,7.1,$7448760.0,0.19034852546916892,$16253079.78,$8804319.78
3,Taj Gibson,,,CHI,NBA,73,55,1936,263,500,263,497,0,3,101,146,206,298,504,106,47,77,78,180,627,.526,.529,.000,.526,.692,.556,5.4,$8500000.0,0.1447721179624665,$12361497.3,$3861497.3
4,Nikola Mirotic,,,CHI,NBA,66,38,1646,248,609,113,263,135,346,146,181,58,304,362,100,58,46,102,151,777,.407,.430,.390,.518,.807,.564,3.9,$5543725.0,0.10455764075067024,$8927748.05,$3384023.05
5,Doug McDermott,,,CHI,NBA,81,4,1861,291,644,181,385,110,259,72,84,37,158,195,59,14,6,53,127,764,.452,.470,.425,.537,.857,.561,2.8,$2380440.0,0.07506702412868632,$6409665.27,$4029225.27
6,E'Twaun Moore,,,CHI,NBA,59,22,1263,187,389,140,285,47,104,22,35,19,114,133,99,37,18,53,103,443,.481,.491,.452,.541,.629,.548,1.8,$1015421.0,0.0482573726541555,$4120499.1,$3105078.1
7,Bobby Portis,,,CHI,NBA,62,4,1102,186,436,170,384,16,52,48,66,123,214,337,52,25,22,54,100,436,.427,.443,.308,.445,.727,.469,1.5,$1391160.0,0.04021447721179625,$3433749.25,$2042589.25
8,Cristiano Felicio,,,CHI,NBA,31,4,321,40,72,40,68,0,4,25,35,30,72,102,26,6,13,13,31,105,.556,.588,.000,.556,.714,.601,1.2,$525090.0,0.032171581769437,$2746999.4,$2221909.4
9,Joakim Noah,,,CHI,NBA,29,2,635,51,133,51,132,0,1,22,45,87,168,255,110,18,29,52,77,124,.383,.386,.000,.383,.489,.406,1.1,$13400000.0,0.02949061662198392,$2518082.78,$-10881917.22
10,Aaron Brooks,,,CHI,NBA,69,0,1108,188,469,122,284,66,185,49,64,21,80,101,180,30,10,82,132,491,.401,.430,.357,.471,.766,.494,0.9,$2000000.0,0.02412868632707775,$2060249.55,$60249.55
11,Mike Dunleavy,,,CHI,NBA,31,30,703,77,188,38,89,39,99,29,37,8,75,83,39,14,10,26,66,222,.410,.427,.394,.513,.784,.543,0.9,$4500000.0,0.02412868632707775,$2060249.55,$-2439750.45
12,Justin Holiday,,,CHI,NBA,27,4,510,64,155,38,95,26,60,22,27,8,55,63,45,19,15,26,40,176,.413,.400,.433,.497,.815,.527,0.8,$947300.0,0.02144772117962467,$1831332.93,$884032.93
14,Derrick Rose,,,CHI,NBA,66,66,2097,447,1048,403,898,44,150,142,179,46,179,225,311,44,14,175,84,1080,.427,.449,.293,.448,.793,.479,0.4,$20093063.0,0.010723860589812334,$915666.47,$-19177396.53
15,Tony Snell,,,CHI,NBA,64,33,1301,126,339,70,184,56,155,30,33,19,180,199,63,16,17,52,100,338,.372,.380,.361,.454,.909,.478,0.4,$1535880.0,0.010723860589812334,$915666.47,$-620213.53
16,Cameron Bairstow,,,CHI,NBA,18,2,103,13,40,12,35,1,5,7,8,4,24,28,6,2,3,4,19,34,.325,.343,.200,.338,.875,.391,0.0,$845059.0,0.0,$0.0,$-845059.0
1,LeBron James,,,CLE,NBA,76,76,2709,737,1416,650,1134,87,282,359,491,111,454,565,514,104,49,249,143,1920,.520,.573,.309,.551,.731,.588,13.6,$22971000.0,0.23652173913043473,$25055133.83,$2084133.83
2,Tristan Thompson,,,CLE,NBA,82,34,2269,247,420,247,420,0,0,149,242,268,470,738,62,38,51,61,202,643,.588,.588,,.588,.616,.611,8.7,$14260870.0,0.1513043478260869,$16027916.49,$1767046.49
3,Kevin Love,,,CLE,NBA,77,77,2424,409,977,251,538,158,439,258,314,149,613,762,186,58,41,142,159,1234,.419,.467,.360,.499,.822,.553,8.5,$19500000.0,0.1478260869565217,$15659458.64,$-3840541.36
4,J.R. Smith,,,CLE,NBA,77,77,2362,353,850,149,340,204,510,45,71,43,174,217,130,81,21,59,204,955,.415,.438,.400,.535,.634,.542,5.5,$5000000.0,0.09565217391304345,$10132590.89,$5132590.89
5,Kyrie Irving,,,CLE,NBA,53,53,1667,394,879,310,617,84,262,169,191,44,113,157,249,56,18,124,107,1041,.448,.502,.321,.496,.885,.540,5.0,$14746000.0,0.08695652173913042,$9211446.26,$-5534553.74
6,Matthew Dellavedova,,,CLE,NBA,76,14,1867,207,511,109,272,98,239,57,66,33,129,162,337,44,9,116,178,569,.405,.401,.410,.501,.864,.527,3.8,$1147280.0,0.06608695652173911,$7000699.16,$5853419.16
7,Timofey Mozgov,,,CLE,NBA,76,48,1326,203,359,202,352,1,7,68,95,110,227,337,33,22,57,71,159,475,.565,.574,.143,.567,.716,.593,3.7,$4950000.0,0.06434782608695651,$6816470.23,$1866470.23
8,Richard Jefferson,,,CLE,NBA,74,5,1326,143,312,77,139,66,173,58,87,15,113,128,59,33,14,43,129,410,.458,.554,.382,.564,.667,.585,2.7,$1499000.0,0.046956521739130425,$4974180.98,$3475180.98
9,Iman Shumpert,,,CLE,NBA,54,5,1316,114,305,71,159,43,146,40,51,32,171,203,92,54,19,57,119,311,.374,.447,.295,.444,.784,.475,1.7,$9000000.0,0.02956521739130434,$3131891.73,$-5868108.27
10,Channing Frye,,,CLE,NBA,26,3,446,71,161,28,47,43,114,11,14,12,81,93,26,8,8,13,56,196,.441,.596,.377,.575,.786,.586,1.5,$7807579.0,0.026086956521739126,$2763433.88,$-5044145.12
11,James Jones,,,CLE,NBA,48,0,463,58,142,17,38,41,104,21,26,8,42,50,14,11,10,13,50,178,.408,.447,.394,.553,.808,.580,1.2,$1499000.0,0.0208695652173913,$2210747.1,$711747.1
12,Mo Williams,,,CLE,NBA,41,14,748,132,302,96,200,36,102,38,42,6,66,72,98,14,5,57,60,338,.437,.480,.353,.497,.905,.527,1.1,$2100000.0,0.01913043478260869,$2026518.18,$-73481.82
14,Sasha Kaun,,,CLE,NBA,25,0,95,9,17,9,17,0,0,5,11,12,14,26,3,4,5,7,11,23,.529,.529,,.529,.455,.527,0.2,$1300000.0,0.0034782608695652167,$368457.85,$-931542.15
15,Jordan McRae,,,CLE,NBA,15,1,113,23,52,16,41,7,11,9,13,2,10,12,15,0,1,9,10,62,.442,.390,.636,.510,.692,.537,0.2,$142084.0,0.0034782608695652167,$368457.85,$226373.85
17,Dahntay Jones,,,CLE,NBA,1,0,42,6,14,5,12,1,2,0,0,1,4,5,2,1,2,0,6,13,.429,.417,.500,.464,,.464,0.1,$8819.0,0.0017391304347826083,$184228.93,$175409.93
1,Dirk Nowitzki,,,DAL,NBA,75,75,2364,498,1112,372,770,126,342,250,280,52,437,489,132,52,52,84,161,1372,.448,.483,.368,.504,.893,.555,6.8,$8333334.0,0.16190476190476188,$11590806.59,$3257472.59
2,Zaza Pachulia,,,DAL,NBA,76,69,2004,219,470,219,467,0,3,212,276,249,469,718,128,64,22,119,181,650,.466,.469,.000,.466,.768,.550,6.0,$5200000.0,0.14285714285714282,$10227182.29,$5027182.29
3,Chandler Parsons,,,DAL,NBA,61,51,1799,320,651,216,400,104,251,93,136,29,256,285,169,46,21,95,114,837,.492,.540,.414,.571,.684,.589,4.3,$15361500.0,0.10238095238095236,$7329480.64,$-8032019.36
4,Wesley Matthews,,,DAL,NBA,78,78,2644,331,854,142,329,189,525,126,146,27,211,238,151,78,17,78,179,977,.388,.432,.360,.498,.863,.532,3.7,$16400000.0,0.08809523809523809,$6306762.41,$-10093237.59
5,Deron Williams,,,DAL,NBA,65,63,2106,321,775,224,493,97,282,179,206,19,171,190,378,61,14,150,155,918,.414,.454,.344,.477,.869,.530,3.7,$5500000.0,0.08809523809523809,$6306762.41,$806762.41
6,Dwight Powell,,,DAL,NBA,69,2,992,146,296,144,280,2,16,105,142,84,189,273,44,36,24,40,118,399,.493,.514,.125,.497,.739,.557,3.1,$845059.0,0.0738095238095238,$5284044.18,$4438985.18
7,J.J. Barea,,,DAL,NBA,74,16,1667,317,711,217,451,100,260,74,96,26,126,152,302,26,2,113,110,808,.446,.481,.385,.516,.771,.536,2.8,$4000000.0,0.06666666666666665,$4772685.07,$772685.07
8,Raymond Felton,,,DAL,NBA,80,31,2192,277,682,217,469,60,213,149,176,36,222,258,284,68,15,121,141,763,.406,.463,.282,.450,.847,.502,2.7,$3950313.0,0.06428571428571428,$4602232.03,$651919.03
9,Devin Harris,,,DAL,NBA,64,0,1280,167,374,115,216,52,158,101,140,18,120,138,118,60,13,66,124,487,.447,.532,.329,.516,.721,.559,2.5,$4053000.0,0.059523809523809514,$4261325.95,$208325.95
10,David Lee,,,DAL,NBA,25,1,433,91,143,91,143,0,0,31,42,60,115,175,30,10,15,28,63,213,.636,.636,,.636,.738,.660,2.1,$2102224.0,0.049999999999999996,$3579513.8,$1477289.8
11,Salah Mejri,,,DAL,NBA,34,6,397,49,78,49,77,0,1,27,46,41,82,123,10,8,36,23,54,125,.628,.636,.000,.628,.587,.636,1.3,$525093.0,0.030952380952380946,$2215889.5,$1690796.5
12,Justin Anderson,,,DAL,NBA,55,9,647,71,175,49,92,22,83,44,55,18,114,132,29,19,25,24,45,208,.406,.533,.265,.469,.800,.522,1.1,$1449000.0,0.026190476190476188,$1874983.42,$425983.42
13,JaVale McGee,,,DAL,NBA,34,2,370,77,134,77,133,0,1,18,36,53,80,133,3,5,26,21,49,172,.575,.579,.000,.575,.500,.574,1.1,$1270964.0,0.026190476190476188,$1874983.42,$604019.42
14,Jeremy Evans,,,DAL,NBA,30,2,251,26,48,22,32,4,16,15,21,11,43,54,2,6,9,7,19,71,.542,.688,.250,.583,.714,.620,0.6,$1100602.0,0.014285714285714284,$1022718.23,$-77883.77
15,Charlie Villanueva,,,DAL,NBA,62,4,665,125,327,78,155,47,172,22,24,24,128,152,24,18,15,31,71,319,.382,.503,.273,.454,.917,.473,0.2,$1499187.0,0.0047619047619047615,$340906.08,$-1158280.92
1,Nikola Jokic,,,DEN,NBA,80,55,1733,307,600,279,516,28,84,154,190,181,379,560,189,79,50,104,208,796,.512,.541,.333,.535,.811,.582,6.7,$1300000.0,0.19940476190476195,$11253227.88,$9953227.88
2,Danilo Gallinari,,,DEN,NBA,53,53,1839,287,700,200,461,87,239,375,432,52,229,281,135,42,19,77,87,1036,.410,.434,.364,.472,.868,.582,6.3,$14000000.0,0.18750000000000003,$10581393.38,$-3418606.62
3,Kenneth Faried,,,DEN,NBA,67,64,1694,349,626,348,624,1,2,136,222,235,346,581,79,32,60,91,169,835,.558,.558,.500,.558,.613,.577,5.5,$11235955.0,0.16369047619047622,$9237724.38,$-1998230.62
4,Will Barton,,,DEN,NBA,82,1,2353,425,983,313,658,112,325,216,268,59,417,476,203,71,39,139,147,1178,.432,.476,.345,.489,.806,.535,4.3,$3333333.0,0.1279761904761905,$7222220.88,$3888887.88
5,Gary Harris,,,DEN,NBA,76,76,2439,359,765,254,468,105,297,109,133,54,166,220,147,97,18,98,143,932,.469,.543,.354,.538,.820,.566,4.0,$1587480.0,0.11904761904761907,$6718345.0,$5130865.0
6,Darrell Arthur,,,DEN,NBA,70,16,1516,221,489,176,372,45,117,40,53,86,207,293,96,53,48,66,185,527,.452,.473,.385,.498,.755,.514,2.3,$2814000.0,0.06845238095238096,$3863048.38,$1049048.38
7,Joffrey Lauvergne,,,DEN,NBA,59,15,1041,195,380,182,327,13,53,62,69,77,213,290,56,13,15,54,115,465,.513,.557,.245,.530,.899,.567,2.3,$1709720.0,0.06845238095238096,$3863048.38,$2153328.38
8,D.J. Augustin,,,DEN,NBA,28,0,659,102,229,58,122,44,107,77,94,3,49,52,132,25,2,54,44,325,.445,.475,.411,.541,.819,.601,1.9,$3000000.0,0.056547619047619055,$3191213.88,$191213.88
9,J.J. Hickson,,,DEN,NBA,20,9,305,55,109,55,109,0,0,27,59,22,65,87,16,10,12,16,35,137,.505,.505,,.505,.458,.508,0.5,$5613500.0,0.014880952380952384,$839793.13,$-4773706.88
10,Jameer Nelson,,,DEN,NBA,39,15,1036,113,307,70,163,43,144,30,35,19,96,115,190,25,5,66,100,299,.368,.429,.299,.438,.857,.464,0.5,$4500000.0,0.014880952380952384,$839793.13,$-3660206.88
11,Jusuf Nurkic,,,DEN,NBA,32,3,547,101,242,101,239,0,3,61,99,65,110,175,40,24,44,55,91,263,.417,.423,.000,.417,.616,.460,0.4,$1842000.0,0.011904761904761908,$671834.5,$-1170165.5
12,JaKarr Sampson,,,DEN,NBA,26,22,469,54,115,46,86,8,29,18,25,16,45,61,16,12,17,19,51,134,.470,.535,.276,.504,.720,.532,0.4,$285489.0,0.011904761904761908,$671834.5,$386345.5
13,Mike Miller,,,DEN,NBA,47,2,373,22,62,3,10,19,52,0,0,6,47,53,40,13,4,17,53,63,.355,.300,.365,.508,,.508,0.3,$1499187.0,0.00892857142857143,$503875.88,$-995311.13
14,Axel Toupane,,,DEN,NBA,21,0,305,25,70,12,30,13,40,13,17,8,23,31,15,7,6,6,40,76,.357,.400,.325,.450,.765,.490,0.3,$61776.0,0.00892857142857143,$503875.88,$442099.88
15,Sean Kilpatrick,,,DEN,NBA,8,0,82,8,21,4,4,4,17,7,8,2,4,6,3,2,0,4,7,27,.381,1.000,.235,.476,.875,.551,0.1,$99418.0,0.002976190476190477,$167958.63,$68540.63
17,Erick Green,,,DEN,NBA,3,0,7,0,1,0,0,0,1,0,0,0,1,1,1,0,0,0,0,0,.000,,.000,.000,,.000,0.0,$100000.0,0.0,$0.0,$-100000.0
18,Kostas Papanikolaou,,,DEN,NBA,26,6,294,24,66,14,34,10,32,9,14,8,32,40,16,13,5,21,24,67,.364,.412,.313,.439,.643,.464,-0.1,$350000.0,-0.002976190476190477,$-167958.63,$-517958.63
19,Emmanuel Mudiay,,,DEN,NBA,68,66,2068,329,905,255,673,74,232,140,209,32,200,232,372,65,35,217,141,872,.364,.379,.319,.404,.670,.437,-2.1,$3102240.0,-0.06250000000000001,$-3527131.13,$-6629371.13
1,Andre Drummond,,,DET,NBA,81,81,2666,552,1060,550,1054,2,6,208,586,395,803,1198,67,119,112,155,245,1314,.521,.522,.333,.522,.355,.499,7.4,$3272091.0,0.18877551020408162,$12679727.46,$9407636.46
2,Reggie Jackson,,,DET,NBA,79,79,2424,540,1244,422,910,118,334,291,337,58,195,253,492,59,11,223,187,1489,.434,.464,.353,.482,.864,.535,6.9,$14000000.0,0.1760204081632653,$11822989.12,$-2177010.88
3,Marcus Morris,,,DET,NBA,80,80,2856,410,945,302,647,108,298,203,271,91,313,404,201,67,23,140,170,1131,.434,.467,.362,.491,.749,.531,5.4,$5000000.0,0.1377551020408163,$9252774.09,$4252774.09
4,Kentavious Caldwell-Pope,,,DET,NBA,76,76,2789,403,960,289,591,114,369,185,228,70,212,282,138,110,17,105,167,1105,.420,.489,.309,.479,.811,.521,5.3,$2891760.0,0.13520408163265304,$9081426.42,$6189666.42
5,Aron Baynes,,,DET,NBA,81,1,1233,194,384,194,382,0,2,126,165,140,244,384,51,21,52,67,151,514,.505,.508,.000,.505,.764,.563,4.1,$6500000.0,0.10459183673469385,$7025254.4,$525254.4
6,Tobias Harris,,,DET,NBA,27,25,903,166,348,133,260,33,88,82,90,25,143,168,70,18,12,30,62,447,.477,.512,.375,.524,.911,.577,3.3,$16000000.0,0.08418367346938774,$5654473.06,$-10345526.94
8,Anthony Tolliver,,,DET,NBA,72,5,1341,128,332,30,60,98,272,29,47,39,190,229,52,26,16,28,86,383,.386,.500,.360,.533,.617,.543,2.8,$3000000.0,0.07142857142857142,$4797734.71,$1797734.71
9,Reggie Bullock,,,DET,NBA,37,0,429,43,98,21,45,22,53,14,15,14,54,68,27,10,2,8,29,122,.439,.467,.415,.551,.933,.583,1.2,$1252440.0,0.03061224489795918,$2056172.02,$803732.02
10,Steve Blake,,,DET,NBA,58,2,986,93,240,41,89,52,151,16,20,9,80,89,200,24,5,81,70,254,.388,.461,.344,.496,.800,.510,1.1,$2170465.0,0.02806122448979592,$1884824.35,$-285640.65
12,Stanley Johnson,,,DET,NBA,73,6,1687,225,600,162,395,63,205,80,102,58,248,306,118,55,12,114,178,593,.375,.410,.307,.428,.784,.460,0.6,$2841960.0,0.01530612244897959,$1028086.01,$-1813873.99
13,Darrun Hilliard,,,DET,NBA,38,2,383,52,131,33,81,19,50,29,40,5,40,45,27,9,1,19,28,152,.397,.407,.380,.469,.725,.511,0.5,$525093.0,0.012755102040816325,$856738.34,$331645.34
14,Joel Anthony,,,DET,NBA,19,0,96,6,10,6,10,0,0,6,8,8,13,21,1,2,12,2,15,18,.600,.600,,.600,.750,.666,0.4,$2500000.0,0.01020408163265306,$685390.67,$-1814609.33
15,Spencer Dinwiddie,,,DET,NBA,12,0,159,19,54,18,44,1,10,19,33,4,13,17,22,3,0,7,20,58,.352,.409,.100,.361,.576,.423,0.1,$845059.0,0.002551020408163265,$171347.67,$-673711.33
16,Jodie Meeks,,,DET,NBA,3,0,43,7,20,3,11,4,9,4,4,1,4,5,3,0,0,1,2,22,.350,.273,.444,.450,1.000,.506,0.1,$6270000.0,0.002551020408163265,$171347.67,$-6098652.33
17,Justin Harper,,,DET,NBA,5,0,35,4,10,0,1,4,9,1,2,0,1,1,0,1,0,2,3,13,.400,.000,.444,.600,.500,.597,0.0,$99418.0,0.0,$0.0,$-99418.0
1,Stephen Curry,,,GSW,NBA,79,79,2700,805,1598,403,712,402,886,363,400,68,362,430,527,169,15,262,161,2375,.504,.566,.454,.630,.908,.669,17.9,$11370786.0,0.2640117994100295,$24739805.7,$13369019.7
2,Draymond Green,,,GSW,NBA,81,81,2808,401,819,301,561,100,258,229,329,134,635,769,598,119,113,259,240,1131,.490,.537,.388,.551,.696,.587,11.1,$14300000.0,0.16371681415929204,$15341443.76,$1041443.76
3,Klay Thompson,,,GSW,NBA,80,80,2666,651,1386,375,736,276,650,193,221,35,271,306,166,60,49,138,152,1771,.470,.510,.425,.569,.873,.597,8.0,$15500000.0,0.11799410029498525,$11056896.4,$-4443103.6
4,Andrew Bogut,,,GSW,NBA,70,66,1451,175,279,174,278,1,1,24,50,121,371,492,162,33,114,83,221,375,.627,.626,1.000,.629,.480,.623,5.4,$12000000.0,0.07964601769911506,$7463405.07,$-4536594.93
5,Harrison Barnes,,,GSW,NBA,66,59,2042,295,633,213,419,82,214,102,134,77,248,325,117,41,10,57,136,774,.466,.508,.383,.531,.761,.559,4.9,$3873398.0,0.07227138643067847,$6772349.05,$2898951.05
6,Shaun Livingston,,,GSW,NBA,78,3,1520,203,379,201,367,2,12,80,93,42,127,169,237,57,27,78,140,488,.536,.548,.167,.538,.860,.581,4.6,$5543725.0,0.06784660766961652,$6357715.43,$813990.43
7,Andre Iguodala,,,GSW,NBA,65,1,1732,176,368,122,214,54,154,51,83,52,211,263,219,73,19,79,102,457,.478,.570,.351,.552,.614,.565,4.4,$11710456.0,0.0648967551622419,$6081293.02,$-5629162.98
8,Festus Ezeli,,,GSW,NBA,46,13,770,125,228,125,228,0,0,70,132,91,166,257,32,18,50,38,94,320,.548,.548,,.548,.530,.559,2.7,$2008748.0,0.03982300884955753,$3731702.54,$1722954.54
9,Leandro Barbosa,,,GSW,NBA,68,0,1079,171,370,132,260,39,110,52,62,28,89,117,82,44,10,53,107,433,.462,.508,.355,.515,.839,.545,2.1,$2500000.0,0.03097345132743363,$2902435.31,$402435.31
10,Brandon Rush,,,GSW,NBA,72,25,1055,111,260,46,103,65,157,18,28,21,160,181,57,20,23,33,57,305,.427,.447,.414,.552,.643,.560,2.0,$1270964.0,0.029498525073746312,$2764224.1,$1493260.1
11,Marreese Speights,,,GSW,NBA,72,0,832,197,456,173,394,24,62,94,114,77,162,239,61,19,34,66,117,512,.432,.439,.387,.458,.825,.506,1.8,$3815000.0,0.026548672566371685,$2487801.69,$-1327198.31
12,Ian Clark,,,GSW,NBA,66,1,578,89,202,59,118,30,84,28,34,13,55,68,64,17,13,43,58,236,.441,.500,.357,.515,.824,.544,0.9,$947276.0,0.013274336283185842,$1243900.85,$296624.85
13,James Michael McAdoo,,,GSW,NBA,41,1,262,45,84,44,82,1,2,26,49,30,28,58,17,10,8,16,39,117,.536,.537,.500,.542,.531,.554,0.8,$845059.0,0.011799410029498527,$1105689.64,$260630.64
14,Jason Thompson,,,GSW,NBA,28,1,179,20,42,20,42,0,0,20,32,10,44,54,19,4,8,7,40,60,.476,.476,,.476,.625,.535,0.6,$6431250.0,0.008849557522123894,$829267.23,$-5601982.77
15,Anderson Varejao,,,GSW,NBA,22,0,186,21,48,21,48,0,0,16,29,13,37,50,15,5,5,6,35,58,.438,.438,,.438,.552,.477,0.5,$458575.0,0.007374631268436578,$691056.03,$232481.03
16,Kevon Looney,,,GSW,NBA,5,0,21,4,7,3,5,1,2,0,0,4,6,10,0,0,0,1,2,9,.571,.600,.500,.643,,.643,0.1,$1131960.0,0.0014749262536873158,$138211.21,$-993748.79
1,James Harden,,,HOU,NBA,82,82,3125,710,1617,474,960,236,657,720,837,63,438,501,612,139,51,374,229,2376,.439,.494,.359,.512,.860,.598,13.3,$15756438.0,0.31666666666666676,$28559663.8,$12803225.8
2,Dwight Howard,,,HOU,NBA,71,71,2280,372,600,372,594,0,6,232,474,238,597,835,98,69,113,166,219,976,.620,.626,.000,.620,.489,.604,6.6,$22359364.0,0.15714285714285717,$14172464.74,$-8186899.26
3,Trevor Ariza,,,HOU,NBA,81,81,2859,357,859,172,360,185,499,126,161,67,299,366,188,160,26,113,177,1025,.416,.478,.371,.523,.783,.551,5.4,$8193030.0,0.12857142857142861,$11595652.97,$3402622.97
4,Patrick Beverley,,,HOU,NBA,71,63,2041,258,594,134,284,124,310,60,88,73,177,250,239,94,26,91,234,700,.434,.472,.400,.539,.682,.553,4.4,$6500000.0,0.10476190476190479,$9448309.83,$2948309.83
5,Clint Capela,,,HOU,NBA,77,35,1471,231,397,231,396,0,1,80,211,194,300,494,47,59,92,60,190,542,.582,.583,.000,.582,.379,.553,4.4,$1242720.0,0.10476190476190479,$9448309.83,$8205589.83
6,Terrence Jones,,,HOU,NBA,50,11,1044,166,367,141,288,25,79,77,116,62,149,211,41,23,39,49,86,434,.452,.490,.316,.486,.664,.519,1.5,$2489530.0,0.03571428571428572,$3221014.71,$731484.71
7,Jason Terry,,,HOU,NBA,72,7,1258,151,376,58,115,93,261,27,33,14,65,79,103,47,9,49,91,422,.402,.504,.356,.525,.818,.540,1.5,$1499187.0,0.03571428571428572,$3221014.71,$1721827.71
8,Marcus Thornton,,,HOU,NBA,47,6,885,174,435,101,219,73,216,51,58,31,84,115,66,34,3,40,73,472,.400,.461,.338,.484,.879,.512,1.3,$1186000.0,0.03095238095238096,$2791546.09,$1605546.09
9,Corey Brewer,,,HOU,NBA,82,12,1669,212,552,151,328,61,224,105,140,42,157,199,109,84,19,78,168,590,.384,.460,.272,.439,.750,.481,1.2,$8200000.0,0.028571428571428574,$2576811.77,$-5623188.23
10,Michael Beasley,,,HOU,NBA,20,0,363,107,205,104,196,3,9,38,49,29,69,98,16,11,9,24,39,255,.522,.531,.333,.529,.776,.563,1.0,$306527.0,0.023809523809523815,$2147343.14,$1840816.14
11,Montrezl Harrell,,,HOU,NBA,39,1,379,58,90,58,89,0,1,24,46,25,40,65,17,11,11,17,48,140,.644,.652,.000,.644,.522,.635,0.9,$1000000.0,0.021428571428571432,$1932608.83,$932608.83
12,Ty Lawson,,,HOU,NBA,53,12,1176,111,287,80,193,31,94,56,80,20,69,89,180,43,6,82,71,309,.387,.415,.330,.441,.700,.480,0.4,$12404495.0,0.009523809523809526,$858937.26,$-11545557.74
13,Donatas Motiejunas,,,HOU,NBA,37,22,547,90,205,74,148,16,57,34,53,37,72,109,41,17,5,44,69,230,.439,.500,.281,.478,.642,.504,0.3,$2288205.0,0.0071428571428571435,$644202.94,$-1644002.06
14,K.J. McDaniels,,,HOU,NBA,37,1,235,29,72,22,47,7,25,24,30,16,26,42,10,7,6,17,30,89,.403,.468,.280,.451,.800,.522,0.2,$3333333.0,0.004761904761904763,$429468.63,$-2903864.37
15,Sam Dekker,,,HOU,NBA,3,0,6,0,0,0,0,0,0,0,0,0,1,1,0,1,0,0,0,0,,,,,,,0.0,$1646400.0,0.0,$0.0,$-1646400.0
16,Andrew Goudelock,,,HOU,NBA,8,0,50,9,20,8,11,1,9,3,4,1,1,2,4,6,2,7,4,22,.450,.727,.111,.475,.750,.506,0.0,$200600.0,0.0,$0.0,$-200600.0
17,Chuck Hayes,,,HOU,NBA,2,0,24,1,2,1,2,0,0,2,2,0,8,8,2,0,0,3,6,4,.500,.500,,.500,1.000,.694,0.0,$83583.0,0.0,$0.0,$-83583.0
18,Josh Smith,,,HOU,NBA,23,6,421,58,169,35,84,23,85,12,25,18,49,67,48,16,13,36,56,151,.343,.417,.271,.411,.480,.419,-0.4,$1499000.0,-0.009523809523809526,$-858937.26,$-2357937.26
1,Paul George,,,IND,NBA,81,81,2819,605,1449,395,883,210,566,454,528,79,484,563,329,152,29,265,230,1874,.418,.447,.371,.490,.860,.557,9.2,$17120106.0,0.19870410367170627,$14045615.76,$-3074490.24
2,George Hill,,,IND,NBA,74,73,2524,326,739,198,425,128,314,114,150,58,240,298,259,83,17,101,149,894,.441,.466,.408,.528,.760,.555,6.2,$8000000.0,0.13390928725701945,$9465523.66,$1465523.66
3,Ian Mahinmi,,,IND,NBA,71,71,1816,264,448,264,448,0,0,132,225,138,369,507,104,65,75,100,220,660,.589,.589,,.589,.587,.603,6.2,$4000000.0,0.13390928725701945,$9465523.66,$5465523.66
4,Monta Ellis,,,IND,NBA,81,81,2734,436,1021,349,739,87,282,162,206,42,229,271,383,150,37,203,174,1121,.427,.472,.309,.470,.786,.504,4.3,$10300000.0,0.09287257019438445,$6564798.67,$-3735201.33
5,Jordan Hill,,,IND,NBA,73,11,1513,278,549,278,548,0,1,89,125,156,295,451,87,36,37,92,155,645,.506,.507,.000,.506,.712,.534,3.9,$4000000.0,0.08423326133909288,$5954119.72,$1954119.72
6,Lavoy Allen,,,IND,NBA,79,28,1599,191,370,191,370,0,0,46,73,162,262,424,76,26,42,69,147,428,.516,.516,,.516,.630,.532,3.7,$3700000.0,0.0799136069114471,$5648780.25,$1948780.25
7,C.J. Miles,,,IND,NBA,64,24,1464,259,634,117,247,142,387,93,124,25,150,175,63,53,29,70,142,753,.409,.474,.367,.521,.750,.547,3.1,$4394225.0,0.06695464362850972,$4732761.83,$338536.83
8,Myles Turner,,,IND,NBA,60,30,1367,264,530,261,516,3,14,88,121,68,264,332,41,25,86,67,158,619,.498,.506,.214,.501,.727,.531,3.1,$2357760.0,0.06695464362850972,$4732761.83,$2375001.83
9,Solomon Hill,,,IND,NBA,59,3,866,93,208,69,134,24,74,36,42,39,127,166,57,37,11,33,68,246,.447,.515,.324,.505,.857,.543,2.1,$1358880.0,0.04535637149028078,$3206064.47,$1847184.47
10,Rodney Stuckey,,,IND,NBA,58,1,1275,183,443,163,360,20,83,131,158,19,137,156,142,43,8,76,77,517,.413,.453,.241,.436,.829,.504,2.0,$6500000.0,0.04319654427645789,$3053394.73,$-3446605.27
11,Chase Budinger,,,IND,NBA,49,2,729,81,194,61,125,20,69,34,48,31,90,121,49,29,9,31,46,216,.418,.488,.290,.469,.708,.502,1.3,$5000000.0,0.028077753779697626,$1984706.57,$-3015293.43
12,Glenn Robinson,,,IND,NBA,45,4,508,65,151,51,114,14,37,27,39,12,56,68,26,17,9,18,21,171,.430,.447,.378,.477,.692,.508,0.8,$845000.0,0.017278617710583154,$1221357.89,$376357.89
13,Ty Lawson,,,IND,NBA,13,1,235,28,67,23,53,5,14,3,6,6,25,31,57,10,1,13,16,64,.418,.434,.357,.455,.500,.460,0.5,$265058.0,0.010799136069114472,$763348.68,$498290.68
14,Rakeem Christmas,,,IND,NBA,1,0,6,2,2,2,2,0,0,0,0,1,0,1,0,0,0,0,1,4,1.000,1.000,,1.000,,1.000,0.0,$1000000.0,0.0,$0.0,$-1000000.0
15,Shayne Whittington,,,IND,NBA,7,0,41,5,11,5,9,0,2,1,2,5,7,12,3,1,1,5,7,11,.455,.556,.000,.455,.500,.463,0.0,$845059.0,0.0,$0.0,$-845059.0
16,Joseph Young,,,IND,NBA,41,0,384,62,169,52,123,10,46,20,25,6,44,50,65,15,0,33,30,154,.367,.423,.217,.396,.800,.428,-0.1,$1000000.0,-0.0021598272138228943,$-152669.74,$-1152669.74
1,Chris Paul,,,LAC,NBA,74,74,2420,515,1114,393,785,122,329,294,328,39,271,310,738,152,13,194,185,1446,.462,.501,.371,.517,.896,.575,12.7,$21468696.0,0.24708171206225685,$23350761.6,$1882065.6
2,DeAndre Jordan,,,LAC,NBA,77,77,2598,357,508,357,507,0,1,266,619,267,792,1059,90,51,177,107,207,980,.703,.704,.000,.703,.430,.628,11.5,$19500000.0,0.22373540856031132,$21144390.43,$1644390.43
3,J.J. Redick,,,LAC,NBA,75,75,2097,422,880,222,459,200,421,182,205,10,129,139,106,42,5,78,135,1226,.480,.484,.475,.593,.888,.632,6.7,$6867000.0,0.13035019455252922,$12318905.73,$5451905.73
4,Blake Griffin,,,LAC,NBA,35,35,1170,301,603,295,585,6,18,141,194,51,243,294,170,28,17,83,95,749,.499,.504,.333,.504,.727,.544,3.8,$18907725.0,0.07392996108949418,$6986842.05,$-11920882.95
5,Cole Aldrich,,,LAC,NBA,60,5,800,134,225,134,225,0,0,60,84,86,202,288,50,47,68,64,139,328,.596,.596,,.596,.714,.626,3.5,$1100600.0,0.06809338521400779,$6435249.26,$5334649.26
6,Jamal Crawford,,,LAC,NBA,79,5,2126,379,939,262,595,117,344,245,271,20,125,145,183,52,12,113,122,1120,.404,.440,.340,.466,.904,.529,3.3,$5675000.0,0.0642023346303502,$6067520.73,$392520.73
7,Wesley Johnson,,,LAC,NBA,80,9,1666,208,515,105,206,103,309,30,46,37,211,248,49,89,56,54,173,549,.404,.510,.333,.504,.652,.513,2.6,$1100600.0,0.050583657587548646,$4780470.88,$3679870.88
8,Austin Rivers,,,LAC,NBA,67,7,1464,226,516,164,331,62,185,79,116,22,108,130,99,48,9,61,137,593,.438,.495,.335,.498,.681,.523,1.9,$3100000.0,0.03696498054474709,$3493421.03,$393421.03
9,Luc Mbah a Moute,,,LAC,NBA,75,61,1274,94,207,81,167,13,40,30,57,60,111,171,30,44,19,34,100,231,.454,.485,.325,.486,.526,.498,1.6,$1270964.0,0.031128404669260708,$2941828.23,$1670864.23
10,Pablo Prigioni,,,LAC,NBA,59,3,823,55,147,27,52,28,95,7,8,38,76,114,130,53,1,49,82,145,.374,.519,.295,.469,.875,.482,1.5,$981348.0,0.02918287937743191,$2757963.97,$1776615.97
11,Jeff Green,,,LAC,NBA,27,10,709,114,267,89,190,25,77,40,65,19,72,91,40,18,21,24,62,293,.427,.468,.325,.474,.615,.496,0.9,$9200000.0,0.017509727626459148,$1654778.38,$-7545221.62
12,Paul Pierce,,,LAC,NBA,68,38,1231,144,397,69,155,75,242,54,66,12,174,186,71,33,17,58,129,417,.363,.445,.310,.457,.818,.489,0.9,$3400000.0,0.017509727626459148,$1654778.38,$-1745221.62
15,C.J. Wilcox,,,LAC,NBA,23,0,167,26,66,17,43,9,23,9,12,1,11,12,10,10,2,2,15,70,.394,.395,.391,.462,.750,.491,0.3,$1159680.0,0.005836575875486382,$551592.79,$-608087.21
16,Jeff Ayres,,,LAC,NBA,17,0,107,12,23,12,22,0,1,6,6,4,18,22,5,0,3,6,18,30,.522,.545,.000,.522,1.000,.585,0.2,$187750.0,0.0038910505836575885,$367728.53,$179978.53
17,Branden Dawson,,,LAC,NBA,6,0,29,2,5,2,5,0,0,1,1,2,2,4,0,0,1,0,2,5,.400,.400,,.400,1.000,.460,0.0,$525093.0,0.0,$0.0,$-525093.0
18,Alex Stepheson,,,LAC,NBA,4,0,12,1,1,1,1,0,0,0,2,1,1,2,0,0,2,0,4,2,1.000,1.000,,1.000,.000,.532,0.0,$61776.0,0.0,$0.0,$-61776.0
1,Lou Williams,,,LAL,NBA,67,35,1907,283,693,173,373,110,320,352,424,31,138,169,167,62,19,107,107,1028,.408,.464,.344,.488,.830,.584,4.7,$7000000.0,0.27011494252873564,$19510436.06,$12510436.06
2,Brandon Bass,,,LAL,NBA,66,0,1342,174,317,174,315,0,2,125,148,104,181,285,74,33,55,42,125,473,.549,.552,.000,.549,.845,.619,4.1,$3000000.0,0.23563218390804594,$17019742.1,$14019742.1
3,Roy Hibbert,,,LAL,NBA,81,81,1878,182,411,182,409,0,2,117,145,132,266,398,95,32,110,76,252,481,.443,.445,.000,.443,.807,.507,2.2,$15500000.0,0.1264367816091954,$9132544.54,$-6367455.46
4,Larry Nance Jr.,,,LAL,NBA,63,22,1266,158,300,157,290,1,10,32,47,101,211,312,44,54,23,41,124,349,.527,.541,.100,.528,.681,.544,2.2,$1155600.0,0.1264367816091954,$9132544.54,$7976944.54
5,Jordan Clarkson,,,LAL,NBA,79,79,2552,475,1098,364,778,111,320,164,204,93,220,313,192,88,7,135,168,1225,.433,.468,.347,.483,.804,.516,2.1,$845059.0,0.12068965517241378,$8717428.88,$7872369.88
6,Julius Randle,,,LAL,NBA,81,60,2286,358,835,348,799,10,36,193,270,172,657,829,144,53,29,149,242,919,.429,.436,.278,.435,.715,.482,1.6,$3132240.0,0.09195402298850575,$6641850.57,$3509610.57
7,Tarik Black,,,LAL,NBA,39,0,496,57,104,57,104,0,0,19,45,44,113,157,16,14,18,22,78,133,.548,.548,,.548,.422,.537,0.7,$845059.0,0.04022988505747126,$2905809.63,$2060750.63
8,Robert Sacre,,,LAL,NBA,25,1,320,31,75,31,75,0,0,25,38,32,40,72,14,4,10,12,43,87,.413,.413,,.413,.658,.474,0.3,$981348.0,0.017241379310344824,$1245346.98,$263998.98
9,Ryan Kelly,,,LAL,NBA,36,0,470,55,149,50,112,5,37,37,54,21,100,121,20,13,10,18,39,152,.369,.446,.135,.386,.685,.440,0.1,$1724250.0,0.005747126436781609,$415115.66,$-1309134.34
10,Metta World Peace,,,LAL,NBA,35,5,590,55,177,29,93,26,84,40,57,19,70,89,27,22,11,15,67,176,.311,.312,.310,.384,.702,.435,0.1,$1499187.0,0.005747126436781609,$415115.66,$-1084071.34
11,Nick Young,,,LAL,NBA,54,2,1033,126,372,49,135,77,237,63,76,14,83,97,34,23,7,30,50,392,.339,.363,.325,.442,.829,.483,0.1,$5219169.0,0.005747126436781609,$415115.66,$-4804053.34
12,D'Angelo Russell,,,LAL,NBA,80,48,2259,392,956,262,586,130,370,140,190,47,227,274,266,93,13,196,142,1054,.410,.447,.351,.478,.737,.507,0.0,$5103120.0,0.0,$0.0,$-5103120.0
13,Marcelo Huertas,,,LAL,NBA,53,0,869,97,230,81,169,16,61,27,29,18,72,90,182,26,7,80,76,237,.422,.479,.262,.457,.931,.488,-0.1,$525093.0,-0.005747126436781609,$-415115.66,$-940208.66
14,Anthony Brown,,,LAL,NBA,29,11,599,39,126,19,56,20,70,17,20,9,61,70,19,14,5,15,34,115,.310,.339,.286,.389,.850,.427,-0.3,$700000.0,-0.017241379310344824,$-1245346.98,$-1945346.98
15,Kobe Bryant,,,LAL,NBA,66,66,1863,398,1113,265,646,133,467,232,281,41,206,247,184,62,13,129,115,1161,.358,.410,.285,.417,.826,.469,-0.4,$25000000.0,-0.022988505747126436,$-1660462.64,$-26660462.64
1,Mike Conley,,,MEM,NBA,56,56,1761,294,696,216,481,78,215,191,229,26,138,164,342,67,16,84,100,857,.422,.449,.363,.478,.834,.538,5.3,$9588426.0,0.16987179487179485,$14035564.13,$4447138.13
2,Zach Randolph,,,MEM,NBA,68,53,2016,431,907,425,881,6,26,172,216,179,350,529,142,43,13,105,146,1040,.475,.482,.231,.479,.796,.519,4.3,$9638555.0,0.1378205128205128,$11387344.48,$1748789.48
3,Mario Chalmers,,,MEM,NBA,55,7,1253,172,412,127,274,45,138,206,249,23,120,143,211,80,12,101,165,595,.417,.464,.326,.472,.827,.570,3.7,$4300000.0,0.11858974358974358,$9798412.7,$5498412.7
4,Marc Gasol,,,MEM,NBA,52,52,1791,328,707,326,704,2,3,203,245,58,304,362,196,50,70,118,141,861,.464,.463,.667,.465,.829,.528,3.7,$19700000.0,0.11858974358974358,$9798412.7,$-9901587.3
5,Matt Barnes,,,MEM,NBA,76,45,2190,264,693,145,323,119,370,111,138,84,336,420,163,78,57,121,234,758,.381,.449,.322,.467,.804,.503,2.6,$3542500.0,0.08333333333333333,$6885371.08,$3342871.08
6,JaMychal Green,,,MEM,NBA,78,15,1446,230,495,215,450,15,45,103,137,139,234,373,67,46,33,83,189,578,.465,.478,.333,.480,.752,.520,2.6,$845059.0,0.08333333333333333,$6885371.08,$6040312.08
7,Tony Allen,,,MEM,NBA,64,57,1620,215,469,200,427,15,42,90,138,104,192,296,70,110,18,78,175,535,.458,.468,.357,.474,.652,.505,2.4,$5168539.0,0.07692307692307691,$6355727.15,$1187188.15
10,Vince Carter,,,MEM,NBA,60,3,1005,133,343,74,174,59,169,70,84,31,115,146,56,38,16,35,101,395,.388,.425,.349,.474,.833,.520,1.8,$4088091.0,0.05769230769230769,$4766795.37,$678704.37
11,Lance Stephenson,,,MEM,NBA,26,3,692,146,308,135,277,11,31,66,81,21,94,115,73,19,6,46,56,369,.474,.487,.355,.492,.815,.537,1.2,$9000000.0,0.03846153846153846,$3177863.58,$-5822136.42
12,Chris Andersen,,,MEM,NBA,20,14,366,34,62,32,53,2,9,22,32,33,56,89,9,14,10,7,25,92,.548,.604,.222,.565,.688,.605,1.1,$5000000.0,0.035256410256410256,$2913041.61,$-2086958.39
13,Ryan Hollins,,,MEM,NBA,32,9,412,45,72,45,72,0,0,26,42,40,47,87,10,6,20,21,58,116,.625,.625,,.625,.619,.641,0.9,$336716.0,0.028846153846153844,$2383397.68,$2046681.68
14,Jarell Martin,,,MEM,NBA,27,0,380,54,116,54,114,0,2,45,62,39,47,86,15,8,7,19,58,153,.466,.474,.000,.466,.726,.534,0.8,$1230840.0,0.02564102564102564,$2118575.72,$887735.72
15,Brandan Wright,,,MEM,NBA,12,2,212,35,52,35,52,0,0,13,24,14,29,43,6,5,15,10,21,83,.673,.673,,.673,.542,.663,0.7,$5500000.0,0.022435897435897433,$1853753.75,$-3646246.25
16,Jordan Farmar,,,MEM,NBA,12,10,291,42,100,26,55,16,45,10,10,4,21,25,37,15,2,18,22,110,.420,.473,.356,.500,1.000,.527,0.4,$111683.0,0.01282051282051282,$1059287.86,$947604.86
17,James Ennis,,,MEM,NBA,10,0,40,4,13,2,5,2,8,6,10,4,3,7,2,4,2,2,1,16,.308,.400,.250,.385,.600,.460,0.1,$845059.0,0.003205128205128205,$264821.96,$-580237.04
18,Xavier Munford,,,MEM,NBA,14,0,244,32,77,23,54,9,23,7,14,3,28,31,22,13,3,15,25,80,.416,.426,.391,.474,.500,.481,0.1,$27812.0,0.003205128205128205,$264821.96,$237009.96
19,Alex Stepheson,,,MEM,NBA,4,0,61,8,26,8,26,0,0,4,10,18,8,26,2,1,3,0,8,20,.308,.308,,.308,.400,.329,0.1,$30888.0,0.003205128205128205,$264821.96,$233933.96
21,Jordan Adams,,,MEM,NBA,2,0,15,2,6,2,5,0,1,3,5,0,2,2,3,3,0,2,2,7,.333,.400,.000,.333,.600,.427,0.0,$1404600.0,0.0,$0.0,$-1404600.0
22,Bryce Cotton,,,MEM,NBA,5,0,6,2,2,2,2,0,0,0,0,0,0,0,0,0,0,0,0,4,1.000,1.000,,1.000,,1.000,0.0,$49709.0,0.0,$0.0,$-49709.0
24,Briante Weber,,,MEM,NBA,6,4,166,13,38,13,33,0,5,3,4,8,16,24,20,9,3,9,11,29,.342,.394,.000,.342,.750,.365,0.0,$30888.0,0.0,$0.0,$-30888.0
25,Elliot Williams,,,MEM,NBA,5,0,45,2,10,1,6,1,4,3,4,1,3,4,4,0,0,1,2,8,.200,.167,.250,.250,.750,.340,0.0,$55722.0,0.0,$0.0,$-55722.0
26,Russ Smith,,,MEM,NBA,15,0,66,7,22,6,17,1,5,8,13,1,8,9,11,5,1,7,5,23,.318,.353,.200,.341,.615,.415,-0.1,$816482.0,-0.003205128205128205,$-264821.96,$-1081303.96
27,Ray McCallum,,,MEM,NBA,10,3,219,28,79,18,53,10,26,3,5,2,14,16,27,7,3,13,15,69,.354,.340,.385,.418,.600,.425,-0.2,$111444.0,-0.00641025641025641,$-529643.93,$-641087.93
28,P.J. Hairston,,,MEM,NBA,18,9,375,46,132,30,63,16,69,16,22,7,39,46,9,8,4,17,31,124,.348,.476,.232,.409,.727,.438,-0.3,$1201440.0,-0.009615384615384614,$-794465.89,$-1995905.89
1,Hassan Whiteside,,,MIA,NBA,73,43,2125,413,682,413,682,0,0,214,329,238,627,865,30,44,269,137,201,1040,.606,.606,,.606,.650,.629,10.3,$981348.0,0.21729957805907174,$18646197.56,$17664849.56
2,Chris Bosh,,,MIA,NBA,53,53,1778,358,767,277,545,81,222,213,268,48,342,390,128,36,34,78,101,1010,.467,.508,.365,.520,.795,.571,6.4,$22192730.0,0.13502109704641352,$11585986.84,$-10606743.16
3,Luol Deng,,,MIA,NBA,74,73,2394,339,745,251,489,88,256,145,192,108,335,443,140,74,29,81,122,911,.455,.513,.344,.514,.755,.549,6.4,$10151612.0,0.13502109704641352,$11585986.84,$1434374.84
4,Dwyane Wade,,,MIA,NBA,74,73,2258,540,1183,533,1139,7,44,322,406,82,220,302,344,79,42,203,116,1409,.456,.468,.159,.459,.793,.517,4.9,$20000000.0,0.10337552742616035,$8870521.17,$-11129478.83
5,Goran Dragic,,,MIA,NBA,72,72,2363,417,875,353,670,64,205,120,165,54,223,277,419,71,17,185,188,1018,.477,.527,.312,.513,.727,.537,4.7,$14780000.0,0.09915611814345993,$8508459.08,$-6271540.92
6,Josh Richardson,,,MIA,NBA,52,2,1107,123,272,70,157,53,115,42,63,21,86,107,73,36,25,35,107,341,.452,.446,.461,.550,.667,.569,2.5,$525093.0,0.052742616033755275,$4525776.11,$4000683.11
7,Justise Winslow,,,MIA,NBA,78,8,2232,195,462,163,346,32,116,80,117,81,322,403,117,68,26,95,184,502,.422,.471,.276,.457,.684,.489,2.5,$2481720.0,0.052742616033755275,$4525776.11,$2044056.11
8,Amar'e Stoudemire,,,MIA,NBA,52,36,762,125,221,125,221,0,0,50,67,65,157,222,27,18,41,47,92,300,.566,.566,,.566,.746,.599,2.4,$1499187.0,0.05063291139240506,$4344745.06,$2845558.06
9,Joe Johnson,,,MIA,NBA,24,24,769,130,251,95,167,35,84,26,34,15,53,68,86,21,2,43,46,321,.518,.569,.417,.588,.765,.603,2.0,$414481.0,0.04219409282700422,$3620620.89,$3206139.89
10,Tyler Johnson,,,MIA,NBA,36,5,863,118,243,91,172,27,71,51,64,28,81,109,79,24,14,47,66,314,.486,.529,.380,.541,.797,.579,2.0,$845059.0,0.04219409282700422,$3620620.89,$2775561.89
11,Gerald Green,,,MIA,NBA,69,14,1557,230,587,146,327,84,260,72,92,25,138,163,56,38,19,46,123,616,.392,.446,.323,.463,.783,.491,1.7,$1356000.0,0.035864978902953586,$3077527.75,$1721527.75
12,Josh McRoberts,,,MIA,NBA,42,1,595,55,148,43,99,12,49,28,40,22,83,105,81,18,7,30,68,150,.372,.434,.245,.412,.700,.453,0.8,$5543725.0,0.01687763713080169,$1448248.35,$-4095476.65
13,Udonis Haslem,,,MIA,NBA,37,0,260,23,61,22,52,1,9,12,16,10,65,75,14,5,2,5,25,59,.377,.423,.111,.385,.750,.434,0.4,$2854940.0,0.008438818565400845,$724124.18,$-2130815.82
14,Beno Udrih,,,MIA,NBA,36,5,587,66,152,55,119,11,33,15,17,6,57,63,90,11,0,42,40,158,.434,.462,.333,.470,.882,.495,0.4,$2170465.0,0.008438818565400845,$724124.18,$-1446340.82
19,Briante Weber,,,MIA,NBA,1,0,3,1,1,1,1,0,0,0,0,0,1,1,1,0,0,0,1,2,1.000,1.000,,1.000,,1.000,0.0,$12355.0,0.0,$0.0,$-12355.0
1,Greg Monroe,,,MIL,NBA,79,67,2314,491,941,491,940,0,1,228,308,218,478,696,178,72,67,129,163,1210,.522,.522,.000,.522,.740,.562,7.5,$16400000.0,0.23584905660377364,$16303779.72,$-96220.28
2,Giannis Antetokounmpo,,,MIL,NBA,80,79,2823,513,1013,485,904,28,109,296,409,113,499,612,345,94,113,208,258,1350,.506,.537,.257,.520,.724,.566,7.1,$1953960.0,0.22327044025157236,$15434244.8,$13480284.8
3,Khris Middleton,,,MIL,NBA,79,79,2852,507,1142,364,781,143,361,277,312,44,258,302,331,131,19,180,204,1434,.444,.466,.396,.507,.888,.560,6.1,$15000000.0,0.19182389937106922,$13260407.5,$-1739592.5
4,Jabari Parker,,,MIL,NBA,76,72,2408,443,899,434,864,9,35,175,228,123,272,395,130,69,29,116,154,1070,.493,.502,.257,.498,.768,.535,3.6,$5152440.0,0.11320754716981135,$7825814.26,$2673374.26
5,Jerryd Bayless,,,MIL,NBA,52,18,1505,185,437,84,206,101,231,70,90,21,120,141,163,47,11,73,111,541,.423,.408,.437,.539,.778,.568,2.4,$3000000.0,0.07547169811320756,$5217209.51,$2217209.51
6,John Henson,,,MIL,NBA,57,1,960,164,291,164,290,0,1,69,117,87,134,221,54,18,109,64,131,397,.564,.566,.000,.564,.590,.580,2.3,$2943221.0,0.07232704402515724,$4999825.78,$2056604.78
7,Miles Plumlee,,,MIL,NBA,61,14,870,140,233,140,233,0,0,34,59,94,138,232,16,21,50,40,73,314,.601,.601,,.601,.576,.606,2.2,$2109294.0,0.06918238993710694,$4782442.05,$2673148.05
8,Michael Carter-Williams,,,MIL,NBA,54,37,1649,251,555,236,500,15,55,106,162,48,228,276,281,80,41,153,162,623,.452,.472,.273,.466,.654,.497,1.2,$2399040.0,0.03773584905660378,$2608604.75,$209564.75
9,Tyler Ennis,,,MIL,NBA,46,7,654,84,187,71,148,13,39,25,34,13,62,75,95,25,1,46,64,206,.449,.480,.333,.484,.735,.510,0.4,$1662360.0,0.01257861635220126,$869534.92,$-792825.08
10,Johnny O'Bryant,,,MIL,NBA,66,4,857,86,209,85,208,1,1,27,40,65,111,176,32,18,8,31,100,200,.411,.409,1.000,.414,.675,.441,0.3,$845059.0,0.009433962264150945,$652151.19,$-192907.81
11,Jared Cunningham,,,MIL,NBA,4,0,55,4,14,2,7,2,7,6,7,0,9,9,1,2,0,3,4,16,.286,.286,.286,.357,.857,.468,0.0,$57726.0,0.0,$0.0,$-57726.0
12,Steve Novak,,,MIL,NBA,3,0,20,2,6,0,0,2,6,1,1,0,1,1,0,0,0,0,2,7,.333,,.333,.500,1.000,.543,0.0,$416886.0,0.0,$0.0,$-416886.0
14,Damien Inglis,,,MIL,NBA,20,1,156,13,37,10,24,3,13,7,8,2,29,31,10,6,3,11,11,36,.351,.417,.231,.392,.875,.444,-0.1,$855000.0,-0.003144654088050315,$-217383.73,$-1072383.73
15,O.J. Mayo,,,MIL,NBA,41,24,1090,119,321,67,159,52,162,31,40,13,92,105,118,48,8,72,126,321,.371,.421,.321,.452,.775,.474,-0.1,$8000000.0,-0.003144654088050315,$-217383.73,$-8217383.73
16,Greivis Vasquez,,,MIL,NBA,23,0,460,45,138,27,65,18,73,22,26,5,42,47,91,10,0,40,42,130,.326,.415,.247,.391,.846,.435,-0.3,$6600000.0,-0.009433962264150945,$-652151.19,$-7252151.19
17,Rashad Vaughn,,,MIL,NBA,70,6,1001,81,266,38,119,43,147,12,15,11,77,88,39,29,16,28,73,217,.305,.319,.293,.385,.800,.398,-0.8,$1733040.0,-0.02515723270440252,$-1739069.84,$-3472109.84
1,Karl-Anthony Towns,,,MIN,NBA,82,82,2627,625,1153,595,1065,30,88,223,275,228,629,857,161,58,138,183,245,1503,.542,.559,.341,.555,.811,.590,8.3,$5703600.0,0.24340175953079185,$16719012.51,$11015412.51
2,Gorgui Dieng,,,MIN,NBA,82,39,2220,308,579,302,559,6,20,205,248,157,428,585,143,94,96,140,219,827,.532,.540,.300,.537,.827,.601,5.9,$1474440.0,0.17302052785923758,$11884599.25,$10410159.25
3,Ricky Rubio,,,MIN,NBA,76,76,2323,219,586,157,396,62,190,266,314,40,286,326,658,162,10,193,201,766,.374,.396,.326,.427,.847,.529,5.8,$12365000.0,0.17008797653958946,$11683165.37,$-681834.63
4,Andrew Wiggins,,,MIN,NBA,81,81,2845,594,1294,537,1104,57,190,430,565,106,186,292,164,78,46,182,165,1675,.459,.486,.300,.481,.761,.543,4.1,$5758680.0,0.12023460410557185,$8258789.31,$2500109.31
5,Shabazz Muhammad,,,MIN,NBA,82,0,1682,317,681,273,529,44,152,185,242,100,167,267,52,24,7,70,94,863,.465,.516,.289,.498,.764,.548,2.7,$2056920.0,0.07917888563049855,$5438714.91,$3381794.91
6,Zach LaVine,,,MIN,NBA,82,33,2294,433,959,310,643,123,316,161,203,27,201,228,251,69,17,155,193,1150,.452,.482,.389,.516,.793,.548,2.6,$2148360.0,0.07624633431085046,$5237281.03,$3088921.03
7,Nemanja Bjelica,,,MIN,NBA,60,0,1075,110,235,62,110,48,125,40,55,49,161,210,83,26,21,47,154,308,.468,.564,.384,.570,.727,.594,1.9,$4000000.0,0.05571847507331379,$3827243.83,$-172756.17
8,Kevin Garnett,,,MIN,NBA,38,38,556,54,115,54,114,0,1,14,21,15,135,150,62,28,10,16,70,122,.470,.474,.000,.470,.667,.491,1.1,$8500000.0,0.03225806451612904,$2215772.74,$-6284227.26
9,Kevin Martin,,,MIN,NBA,39,12,834,126,334,88,231,38,103,125,142,10,71,81,46,17,1,41,68,415,.377,.381,.369,.434,.880,.523,0.8,$7085000.0,0.023460410557184758,$1611471.09,$-5473528.91
10,Andre Miller,,,MIN,NBA,26,0,280,36,58,35,54,1,4,15,19,6,18,24,58,9,0,25,32,88,.621,.648,.250,.629,.789,.663,0.5,$1499187.0,0.014662756598240472,$1007169.43,$-492017.57
11,Tayshaun Prince,,,MIN,NBA,77,44,1462,102,229,98,206,4,23,13,19,32,115,147,73,36,13,27,62,221,.445,.476,.174,.454,.684,.466,0.4,$1499187.0,0.011730205278592379,$805735.54,$-693451.46
12,Tyus Jones,,,MIN,NBA,37,0,573,56,156,40,103,16,53,28,39,7,40,47,108,31,3,33,33,156,.359,.388,.302,.410,.718,.450,0.3,$1282080.0,0.008797653958944282,$604301.66,$-677778.34
13,Greg Smith,,,MIN,NBA,18,0,192,18,32,18,32,0,0,7,17,12,30,42,6,4,1,7,28,43,.563,.563,,.563,.412,.545,0.2,$128161.0,0.005865102639296189,$402867.77,$274706.77
14,Damjan Rudez,,,MIN,NBA,33,0,277,25,62,8,12,17,50,8,8,5,15,20,11,3,1,13,33,75,.403,.667,.340,.540,1.000,.572,0.1,$1149500.0,0.0029325513196480947,$201433.89,$-948066.11
15,Nikola Pekovic,,,MIN,NBA,12,3,156,19,50,19,50,0,0,16,20,7,14,21,11,1,0,9,22,54,.380,.380,,.380,.800,.459,-0.1,$12100000.0,-0.0029325513196480947,$-201433.89,$-12301433.89
16,Adreian Payne,,,MIN,NBA,52,2,486,53,145,44,113,9,32,17,26,20,91,111,29,16,11,36,77,132,.366,.389,.281,.397,.654,.422,-0.5,$1938840.0,-0.014662756598240472,$-1007169.43,$-2946009.43
1,Brook Lopez,,,BRK,NBA,73,73,2457,591,1157,589,1143,2,14,317,403,204,369,573,147,58,124,175,215,1501,.511,.515,.143,.512,.787,.562,6.2,$20000000.0,0.27312775330396477,$21391156.7,$1391156.7
2,Thaddeus Young,,,BRK,NBA,73,73,2407,495,963,488,933,7,30,105,163,176,484,660,135,112,37,136,182,1102,.514,.523,.233,.518,.644,.533,4.1,$11200000.0,0.18061674008810572,$14145764.91,$2945764.91
3,Donald Sloan,,,BRK,NBA,61,33,1318,154,350,116,251,38,99,78,104,17,156,173,268,32,4,80,73,424,.440,.462,.384,.494,.750,.536,2.0,$1015421.0,0.0881057268722467,$6900373.13,$5884952.13
4,Shane Larkin,,,BRK,NBA,78,17,1751,222,502,183,394,39,108,83,107,28,152,180,342,95,12,146,121,566,.442,.464,.361,.481,.776,.515,1.4,$1500000.0,0.06167400881057269,$4830261.19,$3330261.19
5,Rondae Hollis-Jefferson,,,BRK,NBA,29,17,615,63,138,59,124,4,14,37,52,39,115,154,43,39,16,26,61,167,.457,.476,.286,.471,.712,.519,1.2,$1335480.0,0.05286343612334802,$4140223.88,$2804743.88
6,Willie Reed,,,BRK,NBA,39,2,426,76,133,76,133,0,0,30,55,49,73,122,10,6,30,16,47,182,.571,.571,,.571,.545,.579,1.2,$947276.0,0.05286343612334802,$4140223.88,$3192947.88
7,Bojan Bogdanovic,,,BRK,NBA,79,39,2115,324,749,195,411,129,338,110,132,36,219,255,99,29,5,115,119,887,.433,.474,.382,.519,.833,.550,0.9,$3425510.0,0.039647577092511016,$3105167.91,$-320342.09
8,Jarrett Jack,,,BRK,NBA,32,32,1027,140,358,109,256,31,102,100,112,9,127,136,236,34,7,94,77,411,.391,.426,.304,.434,.893,.505,0.9,$6300000.0,0.039647577092511016,$3105167.91,$-3194832.09
9,Sean Kilpatrick,,,BRK,NBA,23,0,534,115,249,80,152,35,97,53,59,10,40,50,26,10,2,27,30,318,.462,.526,.361,.532,.898,.578,0.9,$221176.0,0.039647577092511016,$3105167.91,$2883991.91
10,Wayne Ellington,,,BRK,NBA,76,41,1615,218,561,122,293,96,268,54,63,20,154,174,83,48,5,45,82,586,.389,.416,.358,.474,.857,.498,0.8,$1500000.0,0.03524229074889868,$2760149.25,$1260149.25
11,Joe Johnson,,,BRK,NBA,57,57,1934,247,608,162,379,85,229,92,108,34,190,224,232,40,2,116,100,671,.406,.427,.371,.476,.852,.512,0.7,$24894863.0,0.030837004405286344,$2415130.59,$-22479732.41
12,Markel Brown,,,BRK,NBA,62,6,982,127,322,89,201,38,121,71,94,23,99,122,91,38,15,54,94,363,.394,.443,.314,.453,.755,.500,0.6,$845059.0,0.02643171806167401,$2070111.94,$1225052.94
13,Thomas Robinson,,,BRK,NBA,71,7,917,130,291,130,290,0,1,47,109,136,223,359,46,39,36,69,111,307,.447,.448,.000,.447,.431,.453,0.6,$981300.0,0.02643171806167401,$2070111.94,$1088811.94
14,Henry Sims,,,BRK,NBA,14,4,263,33,77,33,77,0,0,25,30,21,51,72,9,9,14,12,37,91,.429,.429,,.429,.833,.504,0.4,$50170.0,0.01762114537444934,$1380074.63,$1329904.63
15,Sergey Karasev,,,BRK,NBA,40,5,399,30,74,19,37,11,37,26,28,8,50,58,35,6,2,22,27,97,.405,.514,.297,.480,.929,.562,0.3,$1599840.0,0.013215859030837005,$1035055.97,$-564784.03
16,Chris McCullough,,,BRK,NBA,24,4,362,44,109,31,75,13,34,11,23,25,43,68,9,28,12,15,39,112,.404,.413,.382,.463,.478,.470,0.3,$1140240.0,0.013215859030837005,$1035055.97,$-105184.03
17,Andrea Bargnani,,,BRK,NBA,46,0,634,127,279,124,263,3,16,47,57,28,69,97,18,4,9,26,61,304,.455,.471,.188,.461,.825,.500,0.2,$1362900.0,0.00881057268722467,$690037.31,$-672862.69
1,Anthony Davis,,,NOP,NBA,61,61,2164,560,1136,525,1028,35,108,326,430,130,497,627,116,78,125,121,148,1481,.493,.511,.324,.508,.758,.559,7.2,$7070730.0,0.23841059602649012,$19045836.72,$11975106.72
2,Ryan Anderson,,,NOP,NBA,66,7,2008,397,929,266,571,131,358,199,228,131,265,396,73,38,25,90,109,1124,.427,.466,.366,.498,.873,.546,3.9,$8500000.0,0.12913907284768214,$10316494.89,$1816494.89
3,Jrue Holiday,,,NOP,NBA,65,23,1831,410,935,323,676,87,259,182,216,27,168,195,391,88,22,167,148,1089,.439,.478,.336,.485,.843,.529,3.4,$10595507.0,0.11258278145695366,$8993867.34,$-1601639.66
4,Toney Douglas,,,NOP,NBA,61,18,1262,183,445,102,242,81,203,84,99,25,118,143,157,70,5,64,131,531,.411,.421,.399,.502,.848,.543,2.5,$1164858.0,0.08278145695364239,$6613137.75,$5448279.75
5,Dante Cunningham,,,NOP,NBA,80,46,1971,186,412,131,238,55,174,57,82,57,179,236,77,42,33,41,173,484,.451,.550,.316,.518,.695,.540,2.1,$3000000.0,0.06953642384105961,$5555035.71,$2555035.71
6,Eric Gordon,,,NOP,NBA,45,44,1481,231,552,118,258,113,294,111,125,10,89,99,121,43,14,73,98,686,.418,.457,.384,.521,.888,.565,2.1,$15514031.0,0.06953642384105961,$5555035.71,$-9958995.29
7,Alonzo Gee,,,NOP,NBA,73,38,1632,132,255,115,195,17,60,44,66,60,185,245,72,63,13,55,169,325,.518,.590,.283,.551,.667,.572,1.9,$1375000.0,0.06291390728476821,$5025984.69,$3650984.69
8,Omer Asik,,,NOP,NBA,68,64,1178,104,195,104,195,0,0,61,112,120,294,414,26,21,23,60,124,269,.533,.533,,.533,.545,.551,1.7,$11000000.0,0.05629139072847683,$4496933.67,$-6503066.33
9,Tyreke Evans,,,NOP,NBA,25,25,765,136,314,103,229,33,85,74,93,20,109,129,164,32,8,73,66,379,.433,.450,.388,.486,.796,.534,1.4,$11227000.0,0.046357615894039736,$3703357.14,$-7523642.86
10,Tim Frazier,,,NOP,NBA,16,1,469,76,169,63,138,13,31,45,59,15,56,71,120,23,1,38,42,210,.450,.457,.419,.488,.763,.539,1.2,$94448.0,0.039735099337748346,$3174306.12,$3079858.12
11,Luke Babbitt,,,NOP,NBA,47,13,845,122,289,78,180,44,109,39,50,25,123,148,53,11,7,23,90,327,.422,.433,.404,.498,.780,.526,1.1,$1100000.0,0.036423841059602655,$2909780.61,$1809780.61
12,Alexis Ajinca,,,NOP,NBA,59,17,861,150,315,150,314,0,1,52,62,75,194,269,31,19,36,54,134,352,.476,.478,.000,.476,.839,.514,1.0,$4300000.0,0.033112582781456956,$2645255.1,$-1654744.9
14,James Ennis,,,NOP,NBA,9,5,282,50,100,26,50,24,50,19,24,17,18,35,18,12,3,17,26,143,.500,.520,.480,.620,.792,.647,0.8,$24855.0,0.02649006622516557,$2116204.08,$2091349.08
15,Bryce Dejean-Jones,,,NOP,NBA,14,11,279,28,69,16,37,12,32,11,21,8,40,48,15,10,2,11,17,79,.406,.432,.375,.493,.524,.505,0.2,$169883.0,0.0066225165562913925,$529051.02,$359168.02
16,Jordan Hamilton,,,NOP,NBA,11,4,304,49,116,36,71,13,45,14,21,12,50,62,25,8,3,17,24,125,.422,.507,.289,.478,.667,.499,0.2,$59731.0,0.0066225165562913925,$529051.02,$469320.02
17,Nate Robinson,,,NOP,NBA,2,1,23,0,1,0,0,0,1,0,0,0,0,0,4,1,0,0,5,0,.000,,.000,.000,,.000,0.0,$44000.0,0.0,$0.0,$-44000.0
18,Norris Cole,,,NOP,NBA,45,23,1198,196,484,163,382,33,102,52,65,10,141,151,167,37,5,75,102,477,.405,.427,.324,.439,.800,.465,-0.1,$3036927.0,-0.0033112582781456962,$-264525.51,$-3301452.51
19,Jimmer Fredette,,,NOP,NBA,4,0,13,1,4,1,3,0,1,0,0,0,0,0,1,1,0,1,1,2,.250,.333,.000,.250,,.250,-0.1,$54812.0,-0.0033112582781456962,$-264525.51,$-319337.51
20,Kendrick Perkins,,,NOP,NBA,37,5,542,40,75,40,75,0,0,11,25,25,103,128,31,11,11,41,64,91,.533,.533,,.533,.440,.529,-0.1,$1499200.0,-0.0033112582781456962,$-264525.51,$-1763725.51
21,Orlando Johnson,,,NOP,NBA,5,1,54,4,17,3,12,1,5,1,2,1,5,6,2,1,0,3,4,10,.235,.250,.200,.265,.500,.280,-0.2,$55722.0,-0.0066225165562913925,$-529051.02,$-584773.02
1,Carmelo Anthony,,,NYK,NBA,72,72,2530,567,1307,462,997,105,310,334,403,98,458,556,299,62,38,176,180,1573,.434,.463,.339,.474,.829,.530,6.4,$22875000.0,0.18338108882521495,$13737606.79,$-9137393.21
2,Robin Lopez,,,NYK,NBA,82,82,2219,357,662,357,661,0,1,128,161,268,334,602,114,16,129,133,182,842,.539,.540,.000,.539,.795,.574,5.8,$13000000.0,0.16618911174785103,$12449706.15,$-550293.85
3,Kristaps Porzingis,,,NYK,NBA,72,72,2047,373,886,292,643,81,243,201,240,132,394,526,93,53,134,121,205,1028,.421,.454,.333,.467,.838,.518,4.3,$4131720.0,0.12320916905444129,$9229954.56,$5098234.56
4,Jose Calderon,,,NYK,NBA,72,72,2024,209,455,125,252,84,203,42,48,22,207,229,299,63,7,87,135,544,.459,.496,.414,.552,.875,.571,4.0,$7402812.0,0.11461318051575935,$8586004.24,$1183192.24
5,Derrick Williams,,,NYK,NBA,80,9,1435,254,565,210,415,44,150,194,256,47,249,296,75,29,9,61,69,746,.450,.506,.293,.488,.758,.550,3.6,$4900000.0,0.10315186246418341,$7727403.82,$2827403.82
6,Langston Galloway,,,NYK,NBA,82,7,2033,231,588,154,364,77,224,86,114,43,245,288,207,77,22,61,177,625,.393,.423,.344,.458,.754,.490,3.3,$845059.0,0.09455587392550145,$7083453.5,$6238394.5
7,Arron Afflalo,,,NYK,NBA,71,57,2371,354,799,263,561,91,238,110,131,23,243,266,144,25,10,82,142,909,.443,.469,.382,.500,.840,.531,2.7,$8000000.0,0.07736389684813756,$5795552.86,$-2204447.14
8,Lance Thomas,,,NYK,NBA,59,5,1313,169,382,125,273,44,109,102,119,34,97,131,53,22,7,57,109,484,.442,.458,.404,.500,.857,.557,1.7,$1650000.0,0.04871060171919772,$3649051.8,$1999051.8
9,Kyle O'Quinn,,,NYK,NBA,65,1,764,129,271,124,249,5,22,46,60,76,174,250,72,20,49,61,107,309,.476,.498,.227,.485,.767,.520,1.6,$3750000.0,0.04584527220630374,$3434401.7,$-315598.3
10,Sasha Vujacic,,,NYK,NBA,61,25,908,106,277,54,134,52,143,32,39,26,123,149,84,34,5,44,83,296,.383,.403,.364,.477,.821,.503,1.1,$1356146.0,0.031518624641833824,$2361151.17,$1005005.17
11,Jerian Grant,,,NYK,NBA,76,6,1265,154,391,132,291,22,100,96,123,23,120,143,177,50,10,87,97,426,.394,.454,.220,.422,.780,.479,0.8,$1572360.0,0.02292263610315187,$1717200.85,$144840.85
12,Jimmer Fredette,,,NYK,NBA,2,0,5,1,1,0,0,1,1,4,5,0,0,0,0,0,0,1,1,7,1.000,,1.000,1.500,.800,1.094,0.1,$59731.0,0.0028653295128939836,$214650.11,$154919.11
13,Thanasis Antetokounmpo,,,NYK,NBA,2,0,6,3,4,3,3,0,1,0,0,0,1,1,0,0,0,0,2,6,.750,1.000,.000,.750,,.750,0.0,$75000.0,0.0,$0.0,$-75000.0
14,Lou Amundson,,,NYK,NBA,29,0,204,19,53,19,53,0,0,14,27,23,26,49,12,6,7,15,44,52,.358,.358,,.358,.519,.401,-0.1,$1650000.0,-0.0028653295128939836,$-214650.11,$-1864650.11
15,Cleanthony Early,,,NYK,NBA,17,2,154,12,40,8,25,4,15,3,4,4,22,26,6,2,3,9,16,31,.300,.320,.267,.350,.750,.371,-0.2,$845059.0,-0.005730659025787967,$-429300.21,$-1274359.21
16,Kevin Seraphin,,,NYK,NBA,48,0,526,84,205,84,203,0,2,19,23,31,95,126,47,8,36,43,67,187,.410,.414,.000,.410,.826,.435,-0.2,$2800000.0,-0.005730659025787967,$-429300.21,$-3229300.21
1,Kevin Durant,,,OKC,NBA,72,72,2578,698,1381,512,900,186,481,447,498,45,544,589,361,69,85,250,137,2029,.505,.569,.387,.573,.898,.634,14.5,$20158622.0,0.24288107202680068,$22982053.1,$2823431.1
2,Russell Westbrook,,,OKC,NBA,80,80,2750,656,1444,555,1103,101,341,465,573,145,481,626,834,163,20,342,200,1878,.454,.503,.296,.489,.812,.554,14.0,$16744218.0,0.23450586264656617,$22189568.51,$5445350.51
3,Enes Kanter,,,OKC,NBA,82,1,1721,414,719,404,698,10,21,200,251,249,415,664,33,26,33,115,166,1038,.576,.579,.476,.583,.797,.626,8.1,$16400000.0,0.135678391959799,$12838250.35,$-3561749.65
4,Steven Adams,,,OKC,NBA,80,80,2014,261,426,261,426,0,0,114,196,219,314,533,62,42,89,84,223,636,.613,.613,,.613,.582,.621,6.5,$2279040.0,0.10887772194304858,$10302299.66,$8023259.66
5,Serge Ibaka,,,OKC,NBA,78,78,2500,416,869,356,685,60,184,91,121,141,392,533,66,38,148,108,211,983,.479,.520,.326,.513,.752,.533,5.5,$12350000.0,0.09212730318257957,$8717330.49,$-3632669.51
6,Andre Roberson,,,OKC,NBA,70,70,1553,136,274,104,171,32,103,33,54,79,172,251,47,53,42,35,133,337,.496,.608,.311,.555,.611,.566,3.4,$1210800.0,0.056951423785594646,$5388895.21,$4178095.21
7,Dion Waiters,,,OKC,NBA,78,15,2152,282,706,196,466,86,240,112,157,36,166,202,154,81,15,120,143,762,.399,.421,.358,.460,.713,.492,2.1,$5138430.0,0.03517587939698493,$3328435.28,$-1809994.72
8,Anthony Morrow,,,OKC,NBA,68,6,926,136,333,57,129,79,204,29,39,10,52,62,24,22,5,17,64,380,.408,.442,.387,.527,.744,.543,1.9,$3344000.0,0.031825795644891124,$3011441.44,$-332558.56
9,Cameron Payne,,,OKC,NBA,57,1,698,114,278,78,167,36,111,19,24,9,76,85,108,36,6,44,80,283,.410,.467,.324,.475,.792,.490,1.4,$2021520.0,0.023450586264656615,$2218956.85,$197436.85
10,Kyle Singler,,,OKC,NBA,68,2,977,86,221,56,124,30,97,29,44,50,91,141,24,30,9,32,120,231,.389,.452,.309,.457,.659,.481,1.1,$5000000.0,0.018425460636515914,$1743466.1,$-3256533.9
11,Nick Collison,,,OKC,NBA,59,4,699,50,109,50,107,0,2,23,33,68,103,171,52,15,16,50,107,123,.459,.467,.000,.459,.697,.498,0.8,$3750000.0,0.013400335008375211,$1267975.34,$-2482024.66
13,Randy Foye,,,OKC,NBA,27,1,572,52,149,27,68,25,81,22,27,8,43,51,49,13,13,28,48,151,.349,.397,.309,.433,.815,.469,0.4,$3270000.0,0.006700167504187606,$633987.67,$-2636012.33
15,Josh Huestis,,,OKC,NBA,5,0,55,5,12,1,6,4,6,0,4,2,8,10,0,1,2,3,3,14,.417,.167,.667,.583,.000,.509,0.0,$1140240.0,0.0,$0.0,$-1140240.0
16,Mitch McGary,,,OKC,NBA,20,0,72,11,23,11,19,0,4,4,10,4,14,18,3,1,2,7,10,26,.478,.579,.000,.478,.400,.474,0.0,$1463040.0,0.0,$0.0,$-1463040.0
17,Nazr Mohammed,,,OKC,NBA,5,0,19,3,5,3,5,0,0,2,2,1,3,4,0,0,0,3,4,8,.600,.600,,.600,1.000,.680,0.0,$352750.0,0.0,$0.0,$-352750.0
1,Evan Fournier,,,ORL,NBA,79,71,2566,429,929,273,539,156,390,199,238,33,192,225,213,96,2,133,214,1213,.462,.506,.400,.546,.836,.587,5.7,$2288205.0,0.17592592592592593,$10601555.44,$8313350.44
2,Aaron Gordon,,,ORL,NBA,78,37,1863,274,579,232,437,42,142,129,193,154,353,507,128,59,55,66,153,719,.473,.531,.296,.509,.668,.541,5.4,$4171680.0,0.16666666666666669,$10043578.83,$5871898.83
3,Nikola Vucevic,,,ORL,NBA,65,60,2037,533,1046,531,1037,2,9,113,150,174,402,576,179,53,70,123,173,1181,.510,.512,.222,.511,.753,.531,5.2,$11250000.0,0.16049382716049385,$9671594.43,$-1578405.57
4,Victor Oladipo,,,ORL,NBA,72,52,2379,425,970,327,688,98,282,205,247,48,297,345,282,116,54,153,174,1153,.438,.475,.348,.489,.830,.534,4.9,$5192520.0,0.15123456790123457,$9113617.83,$3921097.83
6,Dewayne Dedmon,,,ORL,NBA,58,20,705,99,177,99,177,0,0,57,76,67,161,228,13,22,46,32,109,255,.559,.559,,.559,.750,.606,2.4,$947278.0,0.07407407407407407,$4463812.81,$3516534.81
7,Elfrid Payton,,,ORL,NBA,73,69,2145,318,730,288,638,30,92,112,190,77,184,261,468,89,20,177,159,778,.436,.451,.326,.456,.589,.478,2.2,$2505720.0,0.06790123456790124,$4091828.41,$1586108.41
8,Jason Smith,,,ORL,NBA,76,2,1181,244,503,240,487,4,16,54,67,53,166,219,62,33,65,57,163,546,.485,.493,.250,.489,.806,.513,1.8,$4300000.0,0.05555555555555556,$3347859.61,$-952140.39
9,Andrew Nicholson,,,ORL,NBA,56,0,823,146,310,105,196,41,114,51,65,34,167,201,25,10,22,41,69,384,.471,.536,.360,.537,.785,.567,1.6,$2380594.0,0.04938271604938272,$2975875.21,$595281.21
11,Ersan Ilyasova,,,ORL,NBA,22,4,447,64,153,46,109,18,44,32,45,45,76,121,12,14,6,12,51,178,.418,.422,.409,.477,.711,.515,1.1,$7900000.0,0.03395061728395062,$2045914.21,$-5854085.79
12,Mario Hezonja,,,ORL,NBA,79,9,1413,181,418,114,226,67,192,49,54,28,148,176,109,39,17,97,124,478,.433,.504,.349,.513,.907,.541,0.9,$3741480.0,0.02777777777777778,$1673929.81,$-2067550.19
13,Brandon Jennings,,,ORL,NBA,25,6,452,59,161,32,83,27,78,30,40,11,39,50,100,18,5,35,33,175,.366,.386,.346,.450,.750,.490,0.7,$8344497.0,0.021604938271604937,$1301945.4,$-7042551.6
14,C.J. Watson,,,ORL,NBA,33,2,656,47,137,33,89,14,48,34,39,10,56,66,88,19,5,25,49,142,.343,.371,.292,.394,.872,.461,0.6,$5000000.0,0.018518518518518517,$1115953.2,$-3884046.8
15,Shabazz Napier,,,ORL,NBA,55,0,600,68,201,34,97,34,104,33,45,9,46,55,97,23,1,46,38,203,.338,.351,.327,.423,.733,.460,0.1,$1294440.0,0.00308641975308642,$185992.2,$-1108447.8
16,Keith Appling,,,ORL,NBA,5,0,27,2,8,2,5,0,3,2,2,0,1,1,1,1,0,3,5,6,.250,.400,.000,.250,1.000,.338,-0.1,$100000.0,-0.00308641975308642,$-185992.2,$-285992.2
17,Devyn Marble,,,ORL,NBA,28,0,249,21,71,13,39,8,32,10,24,6,32,38,12,13,1,7,25,60,.296,.333,.250,.352,.417,.368,-0.1,$845059.0,-0.00308641975308642,$-185992.2,$-1031051.2
1,Nerlens Noel,,,PHI,NBA,67,62,1965,306,587,305,585,1,2,134,227,154,388,542,122,118,100,158,192,747,.521,.521,.500,.522,.590,.544,3.0,$3457800.0,0.18750000000000006,$6164890.13,$2707090.13
2,Jerami Grant,,,PHI,NBA,77,52,2066,251,599,216,453,35,146,212,322,99,262,361,135,54,127,110,215,749,.419,.477,.240,.448,.658,.506,2.1,$845059.0,0.13125000000000003,$4315423.09,$3470364.09
3,Carl Landry,,,PHI,NBA,36,12,569,139,250,133,237,6,13,67,91,49,97,146,32,12,9,22,69,351,.556,.561,.462,.568,.736,.605,2.1,$6500000.0,0.13125000000000003,$4315423.09,$-2184576.91
4,Robert Covington,,,PHI,NBA,67,49,1903,274,712,104,230,170,482,140,177,65,354,419,97,105,40,143,232,858,.385,.452,.353,.504,.791,.543,2.0,$1000000.0,0.12500000000000003,$4109926.75,$3109926.75
5,T.J. McConnell,,,PHI,NBA,81,17,1606,218,464,187,375,31,89,26,41,43,207,250,367,95,10,140,114,493,.470,.499,.348,.503,.634,.511,1.9,$525093.0,0.11875000000000002,$3904430.41,$3379337.41
6,Richaun Holmes,,,PHI,NBA,51,1,702,114,222,106,178,8,44,51,74,62,73,135,33,19,40,32,92,287,.514,.596,.182,.532,.689,.564,1.5,$1050000.0,0.09375000000000003,$3082445.06,$2032445.06
7,Isaiah Canaan,,,PHI,NBA,77,39,1966,260,722,84,237,176,485,150,180,20,154,174,137,56,12,91,133,846,.360,.354,.363,.482,.833,.528,1.4,$947276.0,0.08750000000000001,$2876948.73,$1929672.73
8,Jahlil Okafor,,,PHI,NBA,53,48,1591,397,781,396,775,1,6,133,194,122,251,373,65,22,61,124,140,928,.508,.511,.167,.509,.686,.536,1.2,$4582680.0,0.07500000000000001,$2465956.05,$-2116723.95
9,Hollis Thompson,,,PHI,NBA,77,17,2154,270,680,121,288,149,392,69,96,54,218,272,99,36,24,76,187,758,.397,.420,.380,.507,.719,.525,1.2,$947276.0,0.07500000000000001,$2465956.05,$1518680.05
10,Nik Stauskas,,,PHI,NBA,73,35,1809,210,545,104,220,106,325,91,118,23,160,183,138,44,20,94,115,617,.385,.473,.326,.483,.771,.517,0.5,$2869440.0,0.03125000000000001,$1027481.69,$-1841958.31
11,Ish Smith,,,PHI,NBA,50,50,1622,299,739,253,602,46,137,89,133,29,184,213,348,64,18,130,95,733,.405,.420,.336,.436,.669,.460,0.4,$1100602.0,0.02500000000000001,$821985.35,$-278616.65
12,Christian Wood,,,PHI,NBA,17,0,145,22,53,18,42,4,11,13,21,13,25,38,3,5,7,2,11,61,.415,.429,.364,.453,.619,.490,0.3,$21621.0,0.018750000000000003,$616489.01,$594868.01
13,Elton Brand,,,PHI,NBA,17,1,225,31,72,31,71,0,1,8,9,9,54,63,18,9,8,11,32,70,.431,.437,.000,.431,.889,.461,0.2,$890693.0,0.012500000000000004,$410992.68,$-479700.32
14,Phil Pressey,,,PHI,NBA,14,0,170,21,55,17,42,4,13,9,18,0,23,23,46,11,1,19,14,55,.382,.405,.308,.418,.500,.437,0.0,$172739.0,0.0,$0.0,$-172739.0
15,Sonny Weems,,,PHI,NBA,7,0,78,7,21,5,12,2,9,1,2,1,11,12,2,0,0,4,7,17,.333,.417,.222,.381,.500,.388,-0.2,$2800000.0,-0.012500000000000004,$-410992.68,$-3210992.68
16,JaKarr Sampson,,,PHI,NBA,47,18,691,86,202,80,168,6,34,62,97,30,99,129,30,11,16,51,91,240,.426,.476,.176,.441,.639,.490,-0.3,$845059.0,-0.018750000000000003,$-616489.01,$-1461548.01
17,Kendall Marshall,,,PHI,NBA,30,6,400,43,118,27,69,16,49,9,13,2,26,28,73,16,2,43,30,111,.364,.391,.327,.432,.692,.449,-0.5,$2144722.0,-0.03125000000000001,$-1027481.69,$-3172203.69
18,Tony Wroten,,,PHI,NBA,8,3,144,22,65,19,48,3,17,20,37,2,19,21,20,3,0,29,11,67,.338,.396,.176,.362,.541,.412,-0.8,$2179354.0,-0.05000000000000002,$-1643970.7,$-3823324.7
1,Tyson Chandler,,,PHO,NBA,66,60,1618,183,314,183,313,0,1,106,171,175,401,576,64,36,44,93,145,472,.583,.585,.000,.583,.620,.606,3.8,$13000000.0,0.14960629921259844,$10116209.2,$-2883790.8
2,Mirza Teletovic,,,PHO,NBA,79,1,1686,332,777,151,317,181,460,120,155,55,247,302,89,32,21,84,159,965,.427,.476,.393,.544,.774,.571,3.8,$5500000.0,0.14960629921259844,$10116209.2,$4616209.2
3,P.J. Tucker,,,PHO,NBA,82,80,2540,239,582,171,376,68,206,106,142,165,347,512,177,106,20,111,202,652,.411,.455,.330,.469,.746,.506,3.5,$5500000.0,0.1377952755905512,$9317561.1,$3817561.1
4,Jon Leuer,,,PHO,NBA,67,27,1255,224,466,182,356,42,110,77,101,76,297,373,72,38,30,75,125,567,.481,.511,.382,.526,.762,.555,2.7,$1035000.0,0.10629921259842522,$7187832.85,$6152832.85
5,Eric Bledsoe,,,PHO,NBA,31,31,1059,223,492,175,363,48,129,138,172,18,107,125,190,63,19,110,75,632,.453,.482,.372,.502,.802,.557,2.5,$13086957.0,0.0984251968503937,$6655400.79,$-6431556.21
6,T.J. Warren,,,PHO,NBA,47,4,1070,221,441,193,371,28,70,45,64,57,90,147,44,37,16,32,94,515,.501,.520,.400,.533,.703,.549,2.2,$2041080.0,0.08661417322834647,$5856752.69,$3815672.69
7,Devin Booker,,,PHO,NBA,76,51,2108,367,867,268,578,99,289,215,256,27,160,187,200,44,20,160,225,1048,.423,.464,.343,.480,.840,.535,1.9,$2127840.0,0.07480314960629922,$5058104.6,$2930264.6
8,Brandon Knight,,,PHO,NBA,52,50,1870,371,895,251,544,120,351,156,183,36,166,202,263,61,20,177,124,1018,.415,.461,.342,.482,.852,.522,1.7,$12000000.0,0.06692913385826772,$4525672.54,$-7474327.46
9,Ronnie Price,,,PHO,NBA,62,18,1211,116,302,48,106,68,196,31,41,25,74,99,147,74,13,70,161,331,.384,.453,.347,.497,.756,.517,1.4,$1499187.0,0.05511811023622047,$3727024.44,$2227837.44
10,Alex Len,,,PHO,NBA,78,46,1821,264,624,263,617,1,7,174,239,178,416,594,97,38,62,145,230,703,.423,.426,.143,.424,.728,.482,1.3,$3807120.0,0.05118110236220473,$3460808.41,$-346311.59
11,John Jenkins,,,PHO,NBA,22,2,287,42,90,29,58,13,32,12,15,4,31,35,26,5,1,16,11,109,.467,.500,.406,.539,.800,.564,0.4,$981000.0,0.015748031496062995,$1064864.13,$83864.13
12,Jordan McRae,,,PHO,NBA,7,0,82,11,26,8,15,3,11,12,15,2,6,8,10,3,0,6,7,37,.423,.533,.273,.481,.800,.567,0.2,$61776.0,0.007874015748031498,$532432.06,$470656.06
13,Alan Williams,,,PHO,NBA,10,0,68,10,24,10,24,0,0,9,14,14,24,38,5,4,5,6,15,29,.417,.417,,.417,.643,.481,0.2,$83397.0,0.007874015748031498,$532432.06,$449035.06
14,Chase Budinger,,,PHO,NBA,17,0,200,23,45,19,28,4,17,5,8,12,17,29,15,3,1,13,16,55,.511,.679,.235,.556,.625,.567,0.1,$258082.0,0.003937007874015749,$266216.03,$8134.03
15,Archie Goodwin,,,PHO,NBA,57,13,1114,176,422,153,323,23,99,130,193,27,115,142,118,27,13,100,84,505,.417,.474,.232,.444,.674,.498,0.1,$1160160.0,0.003937007874015749,$266216.03,$-893943.97
16,Cory Jefferson,,,PHO,NBA,8,0,50,9,22,9,21,0,1,4,6,6,10,16,0,0,1,0,8,22,.409,.429,.000,.409,.667,.446,0.1,$370000.0,0.003937007874015749,$266216.03,$-103783.97
17,Kris Humphries,,,PHO,NBA,4,3,74,10,36,7,26,3,10,6,8,11,21,32,7,3,2,4,8,29,.278,.269,.300,.319,.750,.367,0.0,$4600000.0,0.0,$0.0,$-4600000.0
18,Orlando Johnson,,,PHO,NBA,2,0,47,5,17,4,12,1,5,5,6,3,6,9,0,2,3,1,5,16,.294,.333,.200,.324,.833,.407,0.0,$55722.0,0.0,$0.0,$-55722.0
19,Phil Pressey,,,PHO,NBA,9,0,113,9,23,9,18,0,5,4,7,3,5,8,29,7,3,14,14,22,.391,.500,.000,.391,.571,.422,-0.1,$111444.0,-0.003937007874015749,$-266216.03,$-377660.03
20,Lorenzo Brown,,,PHO,NBA,8,0,61,8,25,7,17,1,8,3,4,0,7,7,11,3,1,9,4,20,.320,.412,.125,.340,.750,.374,-0.2,$111444.0,-0.007874015748031498,$-532432.06,$-643876.06
21,Bryce Cotton,,,PHO,NBA,3,0,33,2,8,2,5,0,3,0,0,0,0,0,3,3,0,5,2,4,.250,.400,.000,.250,,.250,-0.2,$228663.0,-0.007874015748031498,$-532432.06,$-761095.06
1,Damian Lillard,,,POR,NBA,75,75,2676,618,1474,389,864,229,610,414,464,45,257,302,512,65,28,242,165,1879,.419,.450,.375,.497,.892,.560,9.2,$4236287.0,0.2076749435665914,$10073725.87,$5837438.87
2,Ed Davis,,,POR,NBA,81,0,1684,206,337,206,337,0,0,114,204,224,375,599,88,57,72,64,202,526,.611,.611,,.611,.559,.616,6.7,$7000000.0,0.15124153498871334,$7336300.36,$336300.36
3,Mason Plumlee,,,POR,NBA,82,82,2084,267,517,267,513,0,4,215,335,201,427,628,226,68,85,154,253,749,.516,.520,.000,.516,.642,.564,6.1,$1415520.0,0.13769751693002258,$6679318.24,$5263798.24
4,C.J. McCollum,,,POR,NBA,80,80,2780,641,1431,444,959,197,472,187,226,47,212,259,341,97,23,196,187,1666,.448,.463,.417,.517,.827,.544,6.0,$2525160.0,0.13544018058690746,$6569821.22,$4044661.22
5,Allen Crabbe,,,POR,NBA,81,8,2105,311,678,199,393,112,285,98,113,27,189,216,99,63,16,64,192,832,.459,.506,.393,.541,.867,.572,4.3,$947276.0,0.09706546275395034,$4708371.87,$3761095.87
6,Al-Farouq Aminu,,,POR,NBA,82,82,2341,299,719,173,370,126,349,115,156,98,401,499,138,72,53,120,171,839,.416,.468,.361,.503,.737,.533,4.0,$7500000.0,0.09029345372460497,$4379880.81,$-3120119.19
7,Maurice Harkless,,,POR,NBA,78,14,1457,195,411,156,271,39,140,69,111,101,179,280,67,49,35,62,124,498,.474,.576,.279,.522,.622,.541,2.9,$2894059.0,0.0654627539503386,$3175413.59,$281354.59
8,Meyers Leonard,,,POR,NBA,61,10,1333,195,435,109,207,86,228,35,46,51,263,314,92,8,18,77,183,511,.448,.527,.377,.547,.761,.561,2.2,$3075880.0,0.04966139954853274,$2408934.45,$-666945.55
9,Gerald Henderson,,,POR,NBA,72,0,1431,232,529,184,393,48,136,112,146,30,181,211,75,39,19,68,87,624,.439,.468,.353,.484,.767,.526,2.0,$6000000.0,0.045146726862302484,$2189940.41,$-3810059.59
10,Noah Vonleh,,,POR,NBA,78,56,1174,117,278,106,232,11,46,38,51,91,214,305,30,27,26,50,152,283,.421,.457,.239,.441,.745,.471,1.2,$2637720.0,0.02708803611738149,$1313964.24,$-1323755.76
11,Brian Roberts,,,POR,NBA,21,0,137,23,50,17,35,6,15,8,10,2,10,12,16,3,1,7,12,60,.460,.486,.400,.520,.800,.551,0.3,$2854940.0,0.006772009029345372,$328491.06,$-2526448.94
12,Chris Kaman,,,POR,NBA,16,2,112,20,43,19,39,1,4,3,3,7,17,24,11,1,1,8,15,44,.465,.487,.250,.477,1.000,.496,0.1,$5000000.0,0.0022573363431151244,$109497.02,$-4890502.98
13,Cliff Alexander,,,POR,NBA,8,0,36,5,10,5,10,0,0,0,0,2,4,6,0,1,2,1,1,10,.500,.500,,.500,,.500,0.0,$525093.0,0.0,$0.0,$-525093.0
14,Pat Connaughton,,,POR,NBA,34,0,143,13,49,8,28,5,21,5,5,11,21,32,10,2,0,10,6,36,.265,.286,.238,.316,1.000,.352,-0.2,$525093.0,-0.004514672686230249,$-218994.04,$-744087.04
15,Luis Montero,,,POR,NBA,12,0,42,5,19,4,10,1,9,3,4,0,4,4,1,0,0,4,1,14,.263,.400,.111,.289,.750,.337,-0.2,$525093.0,-0.004514672686230249,$-218994.04,$-744087.04
16,Tim Frazier,,,POR,NBA,35,1,272,20,60,17,43,3,17,8,15,11,28,39,42,10,1,27,31,51,.333,.395,.176,.358,.533,.383,-0.3,$845059.0,-0.006772009029345372,$-328491.06,$-1173550.06
1,DeMarcus Cousins,,,SAC,NBA,65,65,2246,601,1332,531,1122,70,210,476,663,158,589,747,214,101,92,249,236,1748,.451,.473,.333,.477,.718,.538,5.7,$14728844.0,0.16332378223495703,$11571016.5,$-3157827.5
2,Darren Collison,,,SAC,NBA,74,15,2219,377,776,290,559,87,217,194,226,28,141,169,318,76,4,130,142,1035,.486,.519,.401,.542,.858,.591,5.2,$5013559.0,0.1489971346704871,$10556015.05,$5542456.05
3,Rajon Rondo,,,SAC,NBA,72,72,2537,355,782,293,612,62,170,87,150,77,358,435,839,141,10,278,175,859,.454,.479,.365,.494,.580,.506,4.6,$9500000.0,0.1318051575931232,$9338013.31,$-161986.69
4,Willie Cauley-Stein,,,SAC,NBA,66,39,1412,191,339,191,337,0,2,81,125,134,218,352,37,48,66,46,146,463,.563,.567,.000,.563,.648,.588,3.8,$3398280.0,0.10888252148997135,$7714011.0,$4315731.0
5,Rudy Gay,,,SAC,NBA,70,70,2379,466,1007,392,792,74,215,198,254,103,353,456,120,100,51,139,184,1204,.463,.495,.344,.500,.780,.538,3.8,$12403101.0,0.10888252148997135,$7714011.0,$-4689090.0
6,Omri Casspi,,,SAC,NBA,69,21,1880,299,622,187,348,112,274,103,159,58,352,410,95,56,17,94,154,813,.481,.537,.409,.571,.648,.587,3.6,$3000000.0,0.10315186246418338,$7308010.42,$4308010.42
7,Kosta Koufos,,,SAC,NBA,78,14,1482,236,444,236,444,0,0,57,104,169,254,423,33,40,70,48,185,529,.532,.532,,.532,.548,.540,3.5,$7500000.0,0.1002865329512894,$7105010.13,$-394989.87
8,Quincy Acy,,,SAC,NBA,59,29,876,119,214,100,165,19,49,50,68,65,123,188,27,29,24,27,103,307,.556,.606,.388,.600,.735,.629,2.5,$981348.0,0.07163323782234958,$5075007.23,$4093659.23
9,Seth Curry,,,SAC,NBA,44,9,692,102,224,52,113,50,111,45,54,9,51,60,67,22,3,36,41,299,.455,.460,.450,.567,.833,.603,1.4,$947276.0,0.040114613180515755,$2842004.05,$1894728.05
10,Marco Belinelli,,,SAC,NBA,68,7,1672,245,635,154,338,91,297,115,138,10,107,117,127,37,2,80,91,696,.386,.456,.306,.457,.833,.500,0.5,$6333333.0,0.014326647564469915,$1015001.45,$-5318331.55
11,Caron Butler,,,SAC,NBA,17,1,176,25,59,22,41,3,18,10,12,5,17,22,10,9,1,3,19,63,.424,.537,.167,.449,.833,.490,0.3,$1499187.0,0.008595988538681949,$609000.87,$-890186.13
12,Ben McLemore,,,SAC,NBA,68,53,1443,195,455,128,270,67,185,74,103,34,114,148,79,52,10,99,140,531,.429,.474,.362,.502,.718,.531,0.3,$3156600.0,0.008595988538681949,$609000.87,$-2547599.13
13,Duje Dukan,,,SAC,NBA,1,0,24,2,10,0,5,2,5,0,0,2,2,4,1,1,0,0,2,6,.200,.000,.400,.300,,.300,0.0,$525093.0,0.0,$0.0,$-525093.0
14,Eric Moreland,,,SAC,NBA,8,0,48,3,6,3,6,0,0,2,4,3,8,11,1,0,4,3,4,8,.500,.500,,.500,.500,.515,0.0,$845059.0,0.0,$0.0,$-845059.0
15,James Anderson,,,SAC,NBA,51,15,721,67,178,44,92,23,86,22,29,13,73,86,41,21,14,42,54,179,.376,.478,.267,.441,.759,.469,-0.3,$1015421.0,-0.008595988538681949,$-609000.87,$-1624421.87
1,Kawhi Leonard,,,SAS,NBA,72,72,2380,551,1090,422,799,129,291,292,334,95,398,493,186,128,71,105,133,1523,.506,.528,.443,.565,.874,.616,13.7,$16500000.0,0.19826338639652677,$17220639.88,$720639.88
2,LaMarcus Aldridge,,,SAS,NBA,74,74,2261,536,1045,536,1029,0,16,259,302,176,456,632,110,38,81,99,151,1331,.513,.521,.000,.513,.858,.565,10.1,$19500000.0,0.14616497829232997,$12695508.23,$-6804491.77
3,Tony Parker,,,SAS,NBA,72,72,1980,350,710,323,645,27,65,130,171,17,159,176,379,54,11,131,114,857,.493,.501,.415,.512,.760,.546,5.8,$13437500.0,0.08393632416787265,$7290489.88,$-6147010.12
4,David West,,,SAS,NBA,78,19,1404,244,448,241,441,3,7,63,80,72,237,309,143,44,55,68,142,554,.545,.546,.429,.548,.788,.573,5.4,$1499000.0,0.07814761215629523,$6787697.47,$5288697.47
5,Tim Duncan,,,SAS,NBA,61,60,1536,215,441,215,439,0,2,92,131,115,332,447,163,47,78,90,125,522,.488,.490,.000,.488,.702,.523,5.2,$5000000.0,0.07525325615050651,$6536301.27,$1536301.27
6,Patrick Mills,,,SAS,NBA,81,3,1662,260,612,137,292,123,320,47,58,27,131,158,226,59,6,76,102,690,.425,.469,.384,.525,.810,.541,4.8,$3578947.0,0.0694645441389291,$6033508.86,$2454561.86
7,Danny Green,,,SAS,NBA,79,79,2062,211,561,95,212,116,349,34,46,48,255,303,141,79,64,75,141,572,.376,.448,.332,.480,.739,.492,4.2,$10000000.0,0.06078147612156296,$5279320.25,$-4720679.75
8,Boris Diaw,,,SAS,NBA,76,4,1386,202,383,177,314,25,69,56,76,58,175,233,176,26,21,97,102,485,.527,.564,.362,.560,.737,.582,3.8,$7000000.0,0.05499276410998553,$4776527.85,$-2223472.15
9,Manu Ginobili,,,SAS,NBA,58,0,1134,197,435,127,256,70,179,91,112,26,120,146,177,66,11,99,99,555,.453,.496,.391,.533,.813,.573,3.8,$2814000.0,0.05499276410998553,$4776527.85,$1962527.85
10,Kyle Anderson,,,SAS,NBA,78,11,1245,138,295,126,258,12,37,62,83,25,219,244,123,60,29,59,97,350,.468,.488,.324,.488,.747,.528,3.5,$1142879.0,0.050651230101302465,$4399433.55,$3256554.55
11,Boban Marjanovic,,,SAS,NBA,54,4,508,105,174,105,174,0,0,87,114,73,121,194,21,12,23,29,54,297,.603,.603,,.603,.763,.662,3.4,$1200000.0,0.049204052098408106,$4273735.44,$3073735.44
12,Jonathon Simmons,,,SAS,NBA,55,2,813,122,242,104,195,18,47,69,92,16,80,96,58,24,5,53,103,331,.504,.533,.383,.541,.750,.586,2.0,$525093.0,0.028943560057887122,$2513962.03,$1988869.03
13,Rasual Butler,,,SAS,NBA,46,0,432,49,104,34,55,15,49,11,16,3,53,56,24,13,23,8,11,124,.471,.618,.306,.543,.688,.558,1.3,$1499187.0,0.01881331403762663,$1634075.32,$134888.32
14,Matt Bonner,,,SAS,NBA,30,2,206,29,57,14,23,15,34,3,4,3,24,27,9,6,1,3,16,76,.509,.609,.441,.640,.750,.647,0.8,$1499187.0,0.011577424023154849,$1005584.81,$-493602.19
15,Ray McCallum,,,SAS,NBA,31,3,256,27,67,22,51,5,16,9,10,6,25,31,33,5,4,11,14,68,.403,.431,.313,.440,.900,.476,0.5,$947276.0,0.007235890014471781,$628490.51,$-318785.49
16,Kevin Martin,,,SAS,NBA,16,1,261,30,85,19,52,11,33,28,30,4,25,29,12,9,2,13,15,99,.353,.365,.333,.418,.933,.504,0.4,$317475.0,0.0057887120115774245,$502792.41,$185317.41
17,Andre Miller,,,SAS,NBA,13,4,181,23,48,22,44,1,4,9,13,6,21,27,29,7,0,12,14,56,.479,.500,.250,.490,.692,.521,0.4,$396844.0,0.0057887120115774245,$502792.41,$105948.41
1,Kyle Lowry,,,TOR,NBA,77,77,2851,512,1198,300,651,212,547,398,491,55,310,365,494,158,34,225,211,1634,.427,.461,.388,.516,.811,.578,11.6,$12000000.0,0.21284403669724766,$15278937.87,$3278937.87
2,DeMar DeRozan,,,TOR,NBA,78,78,2804,614,1377,567,1238,47,139,555,653,64,285,349,315,81,21,175,167,1830,.446,.458,.338,.463,.850,.550,9.9,$9500000.0,0.18165137614678897,$13039783.18,$3539783.18
3,Jonas Valanciunas,,,TOR,NBA,60,59,1557,303,536,303,536,0,0,162,213,184,363,547,42,25,80,85,158,768,.565,.565,,.565,.761,.610,6.9,$4660482.0,0.12660550458715594,$9088333.73,$4427851.73
4,Bismack Biyombo,,,TOR,NBA,82,22,1808,156,288,156,287,0,1,142,226,182,473,655,29,19,133,71,225,454,.542,.544,.000,.542,.628,.586,5.9,$3000000.0,0.10825688073394495,$7771183.92,$4771183.92
5,Patrick Patterson,,,TOR,NBA,79,0,2020,204,493,98,200,106,293,29,34,77,265,342,94,53,32,65,128,543,.414,.490,.362,.521,.853,.534,3.6,$6268675.0,0.06605504587155962,$4741739.34,$-1526935.66
6,Terrence Ross,,,TOR,NBA,73,7,1747,270,626,139,287,131,339,49,62,21,164,185,56,54,25,46,120,720,.431,.484,.386,.536,.790,.551,3.6,$3553917.0,0.06605504587155962,$4741739.34,$1187822.34
7,Cory Joseph,,,TOR,NBA,80,4,2046,257,585,227,475,30,110,133,174,39,171,210,250,63,20,102,131,677,.439,.478,.273,.465,.764,.512,3.5,$7000000.0,0.06422018348623852,$4610024.36,$-2389975.64
8,Luis Scola,,,TOR,NBA,76,76,1636,269,598,204,437,65,161,61,84,84,276,360,66,46,27,68,178,664,.450,.467,.404,.504,.726,.523,3.3,$3000000.0,0.06055045871559632,$4346594.39,$1346594.39
9,Norman Powell,,,TOR,NBA,49,24,725,97,229,61,140,36,89,43,53,16,95,111,47,29,10,32,59,273,.424,.436,.404,.502,.811,.541,1.6,$650000.0,0.029357798165137613,$2107439.71,$1457439.71
10,James Johnson,,,TOR,NBA,57,32,926,114,240,94,174,20,66,39,68,28,98,126,67,29,33,54,84,287,.475,.540,.303,.517,.574,.532,1.3,$2500000.0,0.02385321100917431,$1712294.76,$-787705.24
11,DeMarre Carroll,,,TOR,NBA,26,22,786,105,270,59,152,46,118,30,50,31,91,122,27,44,6,28,63,286,.389,.388,.390,.474,.600,.490,1.2,$13500000.0,0.02201834862385321,$1580579.78,$-11919420.22
12,Jason Thompson,,,TOR,NBA,19,6,292,32,66,27,51,5,15,18,22,22,58,80,10,8,12,8,40,87,.485,.529,.333,.523,.818,.575,1.0,$328955.0,0.018348623853211007,$1317149.82,$988194.82
13,Lucas Nogueira,,,TOR,NBA,29,1,225,28,44,27,41,1,3,8,15,18,28,46,7,12,12,11,29,65,.636,.659,.333,.648,.533,.642,0.7,$1842000.0,0.012844036697247704,$922004.87,$-919995.13
14,Delon Wright,,,TOR,NBA,27,1,229,36,80,31,67,5,13,26,35,8,29,37,31,8,3,16,7,103,.450,.463,.385,.481,.743,.540,0.6,$1509360.0,0.011009174311926604,$790289.89,$-719070.11
15,Anthony Bennett,,,TOR,NBA,19,0,84,8,27,5,13,3,14,9,10,6,17,23,0,5,0,4,8,28,.296,.385,.214,.352,.900,.446,0.1,$947276.0,0.0018348623853211008,$131714.98,$-815561.02
16,Bruno Caboclo,,,TOR,NBA,6,1,43,1,12,0,5,1,7,0,0,1,1,2,1,2,1,4,2,3,.083,.000,.143,.125,,.125,-0.3,$1524000.0,-0.005504587155963302,$-395144.94,$-1919144.94
1,Gordon Hayward,,,UTA,NBA,80,80,2893,521,1202,378,792,143,410,393,477,61,336,397,296,95,27,202,183,1578,.433,.477,.349,.493,.824,.559,8.9,$15409570.0,0.18776371308016881,$11247609.7,$-4161960.3
2,Derrick Favors,,,UTA,NBA,62,59,1983,418,811,418,807,0,4,180,254,169,334,503,94,74,91,104,150,1016,.515,.518,.000,.515,.709,.551,7.1,$11933333.0,0.149789029535865,$8972812.24,$-2960520.76
3,Rudy Gobert,,,UTA,NBA,61,60,1932,198,354,198,354,0,0,161,283,208,460,668,91,45,135,114,163,557,.559,.559,,.559,.569,.582,6.4,$1175880.0,0.13502109704641355,$8088168.78,$6912288.78
4,Rodney Hood,,,UTA,NBA,79,79,2541,408,972,247,523,161,449,172,200,38,229,267,213,73,16,125,202,1149,.420,.472,.359,.503,.860,.542,6.0,$1348440.0,0.1265822784810127,$7582658.23,$6234218.23
5,Trevor Booker,,,UTA,NBA,79,2,1632,190,388,178,347,12,41,71,106,166,286,452,84,59,41,81,169,463,.490,.513,.293,.505,.670,.533,4.3,$4775000.0,0.09071729957805909,$5434238.4,$659238.4
6,Joe Ingles,,,UTA,NBA,81,2,1241,124,291,43,81,81,210,13,18,19,132,151,96,55,4,65,98,342,.426,.531,.386,.565,.722,.572,2.3,$2250000.0,0.048523206751054856,$2906685.65,$656685.65
7,Trey Lyles,,,UTA,NBA,80,33,1382,191,436,142,308,49,128,57,82,59,240,299,59,26,18,65,114,488,.438,.461,.383,.494,.695,.517,2.3,$2239800.0,0.048523206751054856,$2906685.65,$666885.65
8,Jeff Withey,,,UTA,NBA,51,10,658,87,162,87,160,0,2,43,59,56,117,173,20,21,53,28,75,217,.537,.544,.000,.537,.729,.577,2.3,$947276.0,0.048523206751054856,$2906685.65,$1959409.65
9,Trey Burke,,,UTA,NBA,64,0,1366,262,634,174,378,88,256,67,82,18,94,112,148,35,6,80,86,679,.413,.460,.344,.483,.817,.507,2.1,$2658240.0,0.04430379746835444,$2653930.38,$-4309.62
10,Raul Neto,,,UTA,NBA,81,53,1499,180,418,116,256,64,162,52,70,17,103,120,174,62,2,109,122,476,.431,.453,.395,.507,.743,.530,1.8,$1000000.0,0.037974683544303806,$2274797.47,$1274797.47
11,Alec Burks,,,UTA,NBA,31,3,797,137,334,105,255,32,79,106,141,16,93,109,63,18,4,51,71,412,.410,.412,.405,.458,.752,.520,1.5,$9213484.0,0.031645569620253174,$1895664.56,$-7317819.44
12,Shelvin Mack,,,UTA,NBA,28,27,879,142,320,107,222,35,98,36,49,11,95,106,149,26,3,81,65,355,.444,.482,.357,.498,.735,.520,1.2,$2433333.0,0.025316455696202535,$1516531.65,$-916801.35
13,Chris Johnson,,,UTA,NBA,70,2,857,72,194,45,95,27,99,34,42,27,105,132,45,32,20,40,100,205,.371,.474,.273,.441,.810,.482,1.1,$981348.0,0.023206751054852325,$1390154.01,$408806.01
14,Erick Green,,,UTA,NBA,6,0,35,5,12,4,8,1,4,2,2,3,2,5,2,1,0,0,4,13,.417,.500,.250,.458,1.000,.505,0.1,$99418.0,0.0021097046413502117,$126377.64,$26959.64
15,Elijah Millsap,,,UTA,NBA,20,0,173,11,39,10,27,1,12,13,18,6,29,35,19,7,3,9,33,36,.282,.370,.083,.295,.722,.384,0.1,$362878.0,0.0021097046413502117,$126377.64,$-236500.36
16,J.J. O'Brien,,,UTA,NBA,2,0,6,0,1,0,1,0,0,0,0,0,1,1,0,1,0,0,1,0,.000,.000,,.000,,.000,0.0,$75000.0,0.0,$0.0,$-75000.0
17,Tibor Pleiss,,,UTA,NBA,12,0,82,11,25,11,23,0,2,2,2,6,9,15,2,1,2,8,19,24,.440,.478,.000,.440,1.000,.464,-0.1,$3000000.0,-0.0021097046413502117,$-126377.64,$-3126377.64
1,Marcin Gortat,,,WAS,NBA,75,74,2256,433,764,433,763,0,1,146,207,222,519,741,106,47,96,121,193,1012,.567,.567,.000,.567,.705,.592,7.3,$11217391.0,0.1867007672634271,$14679126.96,$3461735.96
2,John Wall,,,WAS,NBA,77,77,2784,572,1349,457,1021,115,328,272,344,42,337,379,789,145,59,318,159,1531,.424,.448,.351,.467,.791,.510,5.7,$15851950.0,0.14578005115089515,$11461784.06,$-4390165.94
3,Otto Porter,,,WAS,NBA,75,73,2276,339,717,241,450,98,267,95,126,97,294,391,120,105,32,70,163,871,.473,.536,.367,.541,.754,.564,5.6,$4662960.0,0.1432225063938619,$11260700.13,$6597740.13
4,Jared Dudley,,,WAS,NBA,81,41,2098,233,487,133,249,100,238,72,98,54,232,286,170,75,18,80,190,638,.478,.534,.420,.581,.735,.602,4.6,$4250000.0,0.1176470588235294,$9249860.82,$4999860.82
5,Ramon Sessions,,,WAS,NBA,82,5,1667,280,592,244,481,36,111,214,283,25,178,203,239,46,5,115,102,810,.473,.507,.324,.503,.756,.565,3.8,$2170465.0,0.09718670076726342,$7641189.38,$5470724.38
6,Bradley Beal,,,WAS,NBA,55,35,1708,359,799,254,528,105,271,135,176,41,147,188,162,54,11,112,117,958,.449,.481,.387,.515,.767,.547,2.7,$5694674.0,0.0690537084398977,$5429266.14,$-265407.86
7,Nene Hilario,,,WAS,NBA,57,11,1094,209,384,209,381,0,3,107,185,52,207,259,97,54,26,76,156,525,.544,.549,.000,.544,.578,.564,2.7,$13000000.0,0.0690537084398977,$5429266.14,$-7570733.86
8,Garrett Temple,,,WAS,NBA,80,43,1951,201,505,112,247,89,258,91,125,36,176,212,140,69,18,64,195,582,.398,.453,.345,.486,.728,.520,2.7,$1100602.0,0.0690537084398977,$5429266.14,$4328664.14
9,Gary Neal,,,WAS,NBA,40,2,807,151,325,110,225,41,100,47,55,11,72,83,47,20,1,29,55,390,.465,.489,.410,.528,.855,.558,1.4,$2100000.0,0.03580562659846547,$2815175.03,$715175.03
10,Markieff Morris,,,WAS,NBA,27,21,712,134,287,109,208,25,79,42,55,30,128,158,37,25,17,45,80,335,.467,.524,.316,.510,.764,.538,1.1,$8000000.0,0.02813299232736573,$2211923.24,$-5788076.76
12,Kelly Oubre,,,WAS,NBA,63,9,671,90,211,65,132,25,79,31,49,25,108,133,13,22,7,34,100,236,.427,.492,.316,.486,.633,.507,0.4,$1920240.0,0.010230179028132993,$804335.72,$-1115904.28
13,Marcus Thornton,,,WAS,NBA,14,2,224,42,107,24,53,18,54,16,21,7,28,35,19,13,1,11,17,118,.393,.453,.333,.477,.762,.508,0.4,$251107.0,0.010230179028132993,$804335.72,$553228.72
14,Alan Anderson,,,WAS,NBA,13,0,192,21,59,9,22,12,37,11,15,1,26,27,14,4,1,2,25,65,.356,.409,.324,.458,.733,.495,0.3,$4000000.0,0.007672634271099744,$603251.79,$-3396748.21
15,J.J. Hickson,,,WAS,NBA,15,0,131,25,46,25,45,0,1,19,44,17,28,45,7,5,2,9,12,69,.543,.556,.000,.543,.432,.528,0.3,$366337.0,0.007672634271099744,$603251.79,$236914.79
16,Jarell Eddie,,,WAS,NBA,26,0,147,20,65,5,18,15,47,8,8,2,21,23,5,5,1,1,5,63,.308,.278,.319,.423,1.000,.460,0.1,$561716.0,0.0025575447570332483,$201083.93,$-360632.07
17,Drew Gooden,,,WAS,NBA,30,0,305,33,103,26,62,7,41,9,14,28,57,85,13,8,11,13,40,82,.320,.419,.171,.354,.643,.376,0.0,$3300000.0,0.0,$0.0,$-3300000.0
18,Ryan Hollins,,,WAS,NBA,5,3,48,4,7,4,7,0,0,0,0,7,4,11,0,0,1,3,4,8,.571,.571,,.571,,.571,0.0,$176375.0,0.0,$0.0,$-176375.0
